EmployeeID,Age,Department,Gender,Monthly_Income,Years_At_Company,Attrition,Over_Time,Job_Satisfaction,Performance_Rating
1001,58,Operations,Male,40000,9,Yes,Yes,3,4
1002,48,IT,Female,65088,9,No,No,1,2
1003,34,HR,Female,30000,4,Yes,Yes,2,1
1004,27,IT,Female,40000,7,No,No,2,2
1005,40,Sales,Male,65000,12,Yes,Yes,3,4
1006,58,IT,Female,15000,13,Yes,Yes,2,1
1007,38,Sales,Female,65088,6,No,No,3,2
1008,42,Sales,Female,85000,7,Yes,No,2,2
1009,30,Finance,Male,65000,9,No,Yes,1,2
1010,30,Operations,Female,105000,3,Yes,No,2,4
1011,43,HR,Male,100000,0,No,Yes,3,1
1012,55,Operations,Female,95000,2,Yes,Yes,4,2
1013,59,IT,Female,105000,4,No,Yes,2,1
1014,43,Sales,Male,115000,2,Yes,Yes,1,2
1015,22,Operations,Female,80000,7,Yes,No,2,1
1016,41,HR,Female,100000,11,No,Yes,4,4
1017,21,Sales,Male,105000,12,No,No,1,2
1018,43,Operations,Female,85000,10,No,No,4,3
1019,49,Finance,Male,85000,6,Yes,No,2,1
1020,57,Sales,Female,30000,11,No,Yes,3,1
1021,21,Sales,Female,45000,8,No,No,2,2
1022,40,Sales,Female,75000,14,No,No,2,2
1023,52,Sales,Male,25000,11,No,No,2,3
1024,31,Sales,Female,90000,5,No,Yes,2,4
1025,41,Finance,Female,55000,12,No,No,4,2
1026,44,Sales,Female,50000,9,Yes,No,4,3
1027,46,IT,Male,110000,0,No,Yes,4,2
1028,47,HR,Female,75000,7,No,No,2,3
1029,35,IT,Male,95000,6,No,Yes,3,1
1030,34,Operations,Female,95000,14,No,Yes,2,1
1031,22,Finance,Female,95000,2,No,Yes,3,2
1032,56,IT,Male,15000,4,No,No,2,2
1033,26,Sales,Female,50000,7,Yes,No,4,2
1034,40,Operations,Female,105000,9,Yes,No,2,3
1035,28,Operations,Male,40000,3,Yes,Yes,1,2
1036,58,IT,Male,25000,9,No,Yes,1,2
1037,37,Sales,Female,35000,4,No,Yes,3,1
1038,23,IT,Female,75000,4,No,No,4,3
1039,44,Sales,Male,85000,5,Yes,No,1,4
1040,33,Finance,Female,80000,13,No,No,3,1
1041,28,HR,Male,65088,9,Yes,Yes,2,2
1042,45,IT,Female,90000,11,No,No,3,2
1043,21,IT,Male,100000,9,Yes,No,3,1
1044,39,Sales,Female,65088,12,No,Yes,3,4
1045,47,IT,Male,65088,12,Yes,No,2,4
1046,26,Sales,Female,65000,10,No,No,3,2
1047,27,Sales,Male,25000,5,No,Yes,3,1
1048,54,IT,Female,65088,7,Yes,Yes,2,3
1049,33,IT,Female,60000,7,No,Yes,2,1
1050,36,Sales,Male,60000,7,No,Yes,2,4
1051,55,Sales,Male,115000,10,No,No,4,2
1052,59,Sales,Female,90000,8,Yes,Yes,1,2
1053,23,Operations,Male,70000,7,No,No,1,3
1054,21,Sales,Female,20000,12,No,Yes,3,2
1055,25,HR,Female,55000,10,No,No,2,2
1056,23,Sales,Male,25000,1,Yes,Yes,3,2
1057,48,Finance,Female,85000,13,No,No,1,2
1058,37,IT,Female,25000,13,No,Yes,2,2
1059,45,Finance,Male,105000,11,Yes,No,4,4
1060,53,IT,Male,100000,9,No,No,2,1
1061,29,IT,Male,50000,11,Yes,No,2,2
1062,55,Finance,Female,95000,10,No,No,4,2
1063,33,IT,Male,50000,14,Yes,No,2,2
1064,50,HR,Female,45000,7,Yes,No,2,2
1065,34,Sales,Female,45000,0,No,No,1,4
1066,27,IT,Female,25000,9,Yes,Yes,2,2
1067,33,Operations,Female,15000,1,No,Yes,2,2
1068,42,IT,Female,30000,1,Yes,Yes,2,2
1069,59,Sales,Female,35000,11,Yes,No,4,3
1070,40,HR,Male,15000,2,Yes,No,1,3
1071,35,Sales,Female,85000,9,Yes,No,3,3
1072,37,Sales,Male,35000,6,No,Yes,1,2
1073,43,Operations,Male,75000,1,Yes,Yes,3,3
1074,45,HR,Male,50000,13,No,No,2,4
1075,44,HR,Male,50000,7,No,Yes,2,4
1076,40,Sales,Male,35000,0,No,No,2,2
1077,48,HR,Female,55000,7,No,No,2,2
1078,34,HR,Female,15000,13,No,No,2,1
1079,20,HR,Male,30000,5,Yes,No,1,2
1080,44,Operations,Female,25000,8,Yes,No,2,2
1081,26,IT,Female,20000,14,Yes,No,1,2
1082,28,Sales,Female,50000,2,No,No,1,2
1083,43,Sales,Female,65088,5,No,No,2,1
1084,20,HR,Female,55000,2,No,No,1,3
1085,27,IT,Male,20000,13,No,No,2,2
1086,43,IT,Female,80000,12,No,No,2,4
1087,30,IT,Female,80000,0,Yes,No,2,2
1088,36,Sales,Male,30000,13,Yes,No,3,2
1089,27,Operations,Female,40000,12,No,No,1,4
1090,54,Finance,Female,65000,7,No,No,4,2
1091,54,Finance,Female,25000,11,Yes,No,2,1
1092,52,IT,Male,50000,4,No,Yes,1,3
1093,24,Sales,Female,25000,9,Yes,No,2,2
1094,58,Sales,Female,80000,13,No,No,2,3
1095,40,Sales,Female,75000,12,No,Yes,2,1
1096,47,Finance,Male,75000,10,Yes,No,4,2
1097,26,IT,Male,20000,3,No,No,3,3
1098,28,Operations,Female,75000,6,No,No,3,1
1099,27,Finance,Female,105000,5,No,No,2,3
1100,31,IT,Female,40000,9,No,Yes,1,2
1101,53,IT,Female,90000,6,Yes,No,2,1
1102,52,HR,Female,20000,4,No,No,2,3
1103,42,Operations,Female,50000,14,No,No,1,2
1104,43,HR,Female,95000,14,Yes,Yes,2,2
1105,56,Sales,Female,65088,3,No,No,2,1
1106,54,HR,Male,20000,7,No,No,3,4
1107,59,IT,Female,60000,6,No,No,1,2
1108,41,HR,Male,90000,6,Yes,No,4,1
1109,46,IT,Female,40000,5,No,No,2,2
1110,54,Finance,Male,20000,7,No,No,1,2
1111,20,Sales,Female,20000,3,No,Yes,2,1
1112,54,Sales,Female,75000,9,No,No,2,4
1113,56,Sales,Male,85000,4,No,No,3,2
1114,33,IT,Female,20000,3,No,Yes,2,3
1115,22,Sales,Female,45000,11,No,No,2,1
1116,20,IT,Male,25000,0,No,No,3,2
1117,24,Operations,Female,50000,11,No,No,3,2
1118,45,HR,Female,65088,7,Yes,No,2,2
1119,33,IT,Female,80000,0,No,No,3,3
1120,58,Operations,Male,65088,4,Yes,Yes,1,1
1121,46,Sales,Male,65088,14,No,Yes,3,2
1122,28,Sales,Female,45000,5,No,Yes,3,2
1123,34,Sales,Female,115000,5,No,No,2,4
1124,34,Sales,Female,45000,12,No,Yes,1,2
1125,45,HR,Male,15000,4,Yes,No,4,1
1126,32,Sales,Female,95000,7,Yes,Yes,4,1
1127,51,HR,Female,55000,2,No,No,2,1
1128,58,Finance,Female,115000,14,No,No,3,2
1129,51,IT,Female,75000,4,No,No,3,4
1130,23,IT,Female,115000,11,Yes,No,1,3
1131,49,Sales,Female,105000,7,No,No,4,2
1132,56,HR,Male,115000,13,No,Yes,2,3
1133,42,Operations,Female,105000,1,No,No,1,4
1134,58,Sales,Female,65088,7,No,No,3,2
1135,34,IT,Female,95000,5,No,No,4,1
1136,48,Sales,Male,65088,8,No,No,2,3
1137,55,Sales,Female,65088,7,No,No,2,2
1138,32,Sales,Female,60000,13,No,No,4,3
1139,51,IT,Male,60000,10,Yes,No,2,2
1140,26,HR,Male,30000,7,No,No,1,1
1141,41,IT,Male,50000,7,Yes,Yes,2,3
1142,47,Sales,Male,65088,14,Yes,No,2,2
1143,21,Operations,Male,110000,12,No,No,2,2
1144,25,Sales,Male,110000,6,Yes,Yes,3,4
1145,47,Sales,Female,100000,7,No,No,4,2
1146,47,IT,Female,80000,12,Yes,Yes,3,1
1147,39,Sales,Female,100000,5,No,Yes,2,2
1148,49,IT,Female,80000,1,Yes,No,2,2
1149,30,Operations,Male,110000,1,No,No,3,2
1150,47,IT,Male,115000,7,Yes,Yes,4,2
1151,44,HR,Female,85000,10,Yes,No,2,1
1152,58,IT,Female,65088,0,No,No,1,2
1153,52,Sales,Female,30000,5,No,Yes,3,3
1154,20,Sales,Female,75000,12,No,No,2,4
1155,46,Sales,Female,65088,7,No,No,1,3
1156,32,IT,Male,50000,5,Yes,No,3,3
1157,40,IT,Female,100000,7,Yes,No,2,4
1158,22,Operations,Female,70000,10,No,No,2,1
1159,58,Sales,Female,65088,3,Yes,Yes,3,4
1160,25,IT,Male,80000,11,No,No,2,1
1161,27,Sales,Female,20000,10,No,Yes,2,3
1162,46,Finance,Male,100000,12,No,Yes,3,1
1163,28,IT,Female,20000,14,Yes,Yes,2,2
1164,56,IT,Male,65000,10,Yes,No,1,4
1165,52,Sales,Female,55000,7,No,No,1,2
1166,43,IT,Male,70000,12,No,No,2,3
1167,34,Sales,Female,95000,9,Yes,No,3,4
1168,51,IT,Male,85000,2,No,No,2,3
1169,51,HR,Female,95000,12,No,Yes,2,2
1170,43,Sales,Male,100000,10,No,Yes,1,3
1171,40,IT,Female,65088,2,No,Yes,2,4
1172,31,Sales,Female,40000,14,Yes,No,1,4
1173,58,IT,Female,95000,14,No,Yes,1,3
1174,21,Finance,Female,65088,7,No,No,2,4
1175,22,Finance,Male,100000,12,Yes,No,3,4
1176,56,Operations,Female,50000,12,Yes,No,2,3
1177,36,Sales,Male,55000,0,Yes,No,3,2
1178,21,IT,Female,40000,2,Yes,No,4,4
1179,21,Operations,Male,35000,3,Yes,No,4,4
1180,47,IT,Female,70000,10,No,No,4,4
1181,42,Sales,Male,65000,10,No,Yes,2,4
1182,56,Sales,Female,15000,4,No,No,1,3
1183,51,IT,Female,65000,2,No,Yes,3,2
1184,52,IT,Male,105000,5,No,No,2,2
1185,20,Finance,Male,55000,10,No,Yes,4,1
1186,38,IT,Male,20000,13,No,Yes,3,4
1187,21,IT,Male,70000,14,Yes,No,4,4
1188,45,Sales,Female,30000,11,No,Yes,4,1
1189,51,HR,Female,30000,7,No,No,2,2
1190,25,Finance,Female,100000,4,No,Yes,2,2
1191,51,Operations,Female,85000,2,Yes,No,1,2
1192,23,Sales,Female,105000,5,No,Yes,2,2
1193,30,HR,Female,75000,5,No,Yes,3,4
1194,36,Operations,Male,105000,14,Yes,No,2,2
1195,57,Sales,Female,95000,13,No,Yes,3,3
1196,43,HR,Female,40000,7,No,No,3,3
1197,24,Sales,Female,90000,1,No,No,1,1
1198,53,Operations,Female,70000,0,Yes,No,2,2
1199,25,Sales,Female,105000,7,Yes,No,1,2
1200,41,Finance,Female,35000,3,Yes,Yes,2,2
1201,30,Sales,Female,95000,7,No,No,3,4
1202,35,Sales,Female,65088,6,Yes,No,4,2
1203,52,IT,Female,15000,14,No,No,4,2
1204,28,IT,Female,65088,7,No,No,3,2
1205,25,Sales,Female,60000,10,Yes,Yes,1,2
1206,35,Sales,Male,85000,9,No,No,2,2
1207,48,Sales,Female,65088,2,No,Yes,1,1
1208,22,IT,Female,115000,2,No,No,3,1
1209,39,IT,Male,115000,7,No,No,3,2
1210,55,Operations,Male,65000,4,No,No,2,4
1211,38,Operations,Female,75000,4,No,Yes,2,1
1212,45,Sales,Male,35000,12,No,No,2,1
1213,22,Sales,Female,15000,9,No,No,2,2
1214,38,Sales,Female,70000,2,No,Yes,2,3
1215,39,IT,Male,65000,8,No,Yes,4,2
1216,51,IT,Female,95000,3,No,Yes,2,1
1217,26,IT,Male,30000,12,No,No,2,3
1218,40,Sales,Female,85000,12,No,No,2,4
1219,52,Finance,Female,55000,14,No,Yes,4,3
1220,59,Operations,Male,115000,2,No,No,2,2
1221,58,Sales,Male,110000,10,No,No,4,4
1222,37,HR,Male,105000,1,No,Yes,2,4
1223,59,Operations,Male,105000,9,Yes,No,1,3
1224,20,Sales,Female,70000,12,Yes,No,2,2
1225,30,Operations,Male,35000,10,No,Yes,1,1
1226,47,Finance,Female,60000,8,No,No,2,3
1227,44,HR,Male,95000,3,No,Yes,1,1
1228,42,Sales,Female,35000,7,No,No,1,3
1229,50,Sales,Male,65088,2,No,No,3,1
1230,49,Finance,Female,90000,6,No,No,1,3
1231,54,IT,Female,45000,7,Yes,No,1,4
1232,26,HR,Male,55000,10,Yes,Yes,3,2
1233,35,Sales,Female,25000,13,No,Yes,2,4
1234,45,Sales,Female,85000,1,Yes,No,2,1
1235,21,HR,Female,90000,6,No,No,3,2
1236,20,IT,Female,100000,11,No,Yes,4,4
1237,31,IT,Female,80000,4,No,No,1,2
1238,24,Finance,Female,25000,14,Yes,Yes,1,1
1239,56,Operations,Female,70000,10,Yes,No,3,4
1240,51,HR,Female,55000,4,Yes,No,3,3
1241,28,Sales,Female,45000,2,No,No,4,2
1242,40,HR,Female,55000,4,No,No,2,1
1243,54,IT,Female,75000,11,Yes,No,2,4
1244,38,Operations,Male,100000,1,No,No,2,1
1245,35,Sales,Male,35000,3,No,No,1,3
1246,22,Sales,Female,75000,5,No,No,3,2
1247,39,Sales,Female,30000,0,Yes,No,4,4
1248,43,Sales,Female,20000,9,No,No,2,1
1249,52,Finance,Female,90000,3,Yes,No,4,1
1250,43,Sales,Female,55000,5,No,No,2,1
1251,30,Sales,Male,55000,8,No,No,1,2
1252,27,Operations,Female,40000,13,No,No,2,1
1253,55,HR,Female,65000,10,No,No,4,2
1254,57,Sales,Female,65088,7,Yes,No,4,2
1255,59,HR,Female,65088,10,Yes,No,2,1
1256,39,Operations,Female,15000,12,No,No,4,2
1257,54,Sales,Male,30000,1,Yes,No,4,4
1258,44,IT,Female,75000,10,No,Yes,2,2
1259,54,HR,Female,65088,6,No,Yes,2,1
1260,44,IT,Female,75000,5,Yes,No,2,3
1261,48,HR,Female,75000,1,No,No,1,4
1262,37,HR,Female,20000,7,No,No,4,2
1263,37,Sales,Female,55000,6,No,No,1,1
1264,21,Finance,Female,50000,10,Yes,Yes,2,2
1265,54,Finance,Female,45000,4,No,No,2,3
1266,35,IT,Female,30000,11,No,Yes,2,2
1267,40,Sales,Female,100000,4,No,Yes,4,1
1268,55,Operations,Female,25000,6,Yes,No,3,1
1269,52,Operations,Male,40000,8,Yes,No,2,3
1270,23,Operations,Male,70000,10,No,No,4,1
1271,52,IT,Male,70000,14,No,Yes,1,3
1272,33,Finance,Female,115000,8,No,No,2,3
1273,40,Sales,Male,50000,8,No,Yes,1,1
1274,39,IT,Female,65088,5,No,No,2,2
1275,27,Sales,Female,65088,9,No,No,2,3
1276,26,IT,Female,15000,5,No,No,1,1
1277,22,Sales,Female,30000,2,No,Yes,2,2
1278,36,Sales,Female,115000,0,Yes,Yes,4,3
1279,52,IT,Female,65000,7,Yes,No,2,2
1280,31,Sales,Female,25000,6,No,No,2,4
1281,41,Operations,Female,75000,3,No,No,4,4
1282,41,Sales,Female,95000,0,No,No,3,2
1283,49,HR,Male,65088,14,No,Yes,2,3
1284,57,IT,Male,65088,7,Yes,No,2,1
1285,57,Finance,Female,60000,11,No,Yes,2,2
1286,27,Finance,Female,115000,5,Yes,Yes,2,1
1287,46,IT,Female,70000,5,No,Yes,1,2
1288,46,Sales,Female,85000,1,No,No,1,2
1289,53,Finance,Female,115000,14,Yes,Yes,1,3
1290,40,Operations,Female,60000,0,No,Yes,2,2
1291,49,IT,Female,80000,12,No,No,1,1
1292,52,Sales,Male,75000,13,Yes,Yes,1,2
1293,47,Operations,Male,35000,13,No,No,3,4
1294,52,IT,Male,40000,1,Yes,Yes,1,3
1295,24,Operations,Male,20000,3,Yes,No,2,3
1296,38,Sales,Male,65088,1,No,Yes,2,4
1297,23,Sales,Male,95000,7,No,No,4,1
1298,54,IT,Female,30000,0,No,Yes,3,4
1299,36,Sales,Female,80000,6,Yes,No,2,1
1300,47,HR,Female,60000,10,No,Yes,2,2
1301,49,Sales,Male,25000,10,Yes,No,2,3
1302,48,HR,Female,25000,14,No,No,1,1
1303,25,HR,Female,85000,11,No,No,2,2
1304,54,Sales,Female,40000,7,No,No,1,2
1305,40,IT,Female,95000,5,Yes,Yes,1,3
1306,56,Sales,Female,70000,3,No,Yes,2,4
1307,43,Sales,Female,65088,13,Yes,Yes,1,4
1308,48,Operations,Male,110000,5,No,No,3,1
1309,50,Operations,Female,65000,2,Yes,No,3,4
1310,54,Sales,Male,30000,11,No,Yes,3,3
1311,52,IT,Male,40000,7,No,Yes,2,1
1312,40,IT,Male,15000,9,No,No,2,2
1313,51,HR,Female,110000,13,No,No,4,4
1314,42,HR,Female,65088,12,Yes,Yes,1,4
1315,52,IT,Male,90000,12,No,No,4,1
1316,22,Finance,Female,85000,1,No,Yes,2,2
1317,37,Sales,Female,95000,4,No,Yes,2,4
1318,44,HR,Male,50000,0,No,No,2,3
1319,50,Operations,Female,70000,5,No,No,3,4
1320,22,IT,Female,65088,1,No,Yes,3,2
1321,59,Sales,Male,115000,3,No,Yes,2,4
1322,43,IT,Male,60000,5,No,No,2,2
1323,51,Sales,Male,85000,9,No,No,2,4
1324,41,Sales,Female,55000,10,No,No,1,1
1325,42,Sales,Male,20000,7,No,No,3,4
1326,21,HR,Male,35000,11,No,Yes,2,2
1327,46,Sales,Male,40000,7,Yes,Yes,4,1
1328,21,IT,Female,45000,10,No,Yes,3,3
1329,45,Sales,Female,115000,5,No,No,1,1
1330,36,IT,Female,15000,3,No,Yes,2,2
1331,59,Sales,Female,65088,7,Yes,No,2,1
1332,52,Operations,Female,45000,12,No,Yes,3,3
1333,28,Sales,Male,110000,7,No,No,4,4
1334,58,Operations,Female,70000,9,No,No,1,1
1335,48,IT,Male,90000,13,Yes,No,1,1
1336,45,HR,Male,90000,0,No,No,3,1
1337,54,HR,Female,65000,7,No,No,4,1
1338,44,Finance,Male,115000,3,No,Yes,1,3
1339,43,Sales,Male,30000,3,No,No,2,2
1340,32,Operations,Female,75000,6,Yes,Yes,1,2
1341,26,Sales,Female,45000,7,No,Yes,4,1
1342,55,IT,Female,30000,13,No,Yes,2,3
1343,39,HR,Female,85000,13,Yes,No,2,3
1344,20,Sales,Female,105000,10,No,Yes,3,1
1345,27,IT,Male,55000,6,Yes,No,4,2
1346,35,IT,Male,65000,7,No,No,1,1
1347,33,Finance,Male,50000,12,No,No,1,2
1348,31,Operations,Female,15000,10,No,Yes,2,1
1349,42,HR,Female,65088,14,No,No,2,2
1350,34,IT,Male,50000,7,No,No,2,2
1351,47,HR,Male,75000,7,No,No,2,1
1352,53,Sales,Female,65088,10,No,No,2,2
1353,21,Finance,Female,30000,4,No,Yes,1,4
1354,51,Sales,Male,50000,6,Yes,Yes,2,2
1355,42,HR,Male,25000,7,Yes,No,2,3
1356,41,IT,Male,55000,7,No,No,3,2
1357,44,Sales,Female,20000,14,Yes,No,2,2
1358,41,HR,Female,20000,8,No,Yes,2,3
1359,41,Operations,Female,75000,2,No,No,1,2
1360,25,IT,Female,85000,2,No,Yes,4,3
1361,34,IT,Female,65088,3,No,No,2,1
1362,56,Sales,Female,70000,4,Yes,No,2,4
1363,52,Sales,Male,30000,9,No,Yes,3,4
1364,27,Finance,Female,50000,0,No,No,1,2
1365,24,IT,Female,55000,14,No,Yes,3,2
1366,58,Sales,Female,65088,14,No,Yes,4,2
1367,23,Sales,Female,35000,6,Yes,No,2,1
1368,25,IT,Female,110000,8,No,Yes,2,4
1369,51,Operations,Male,100000,7,Yes,No,2,1
1370,49,Sales,Female,65000,14,No,No,2,1
1371,54,Sales,Male,85000,14,No,Yes,1,2
1372,59,Sales,Female,65088,4,No,Yes,4,1
1373,35,Sales,Male,55000,13,No,No,3,4
1374,32,Operations,Male,95000,13,Yes,Yes,4,2
1375,49,Finance,Male,70000,3,No,Yes,2,4
1376,38,Sales,Female,45000,11,No,No,3,2
1377,36,Operations,Female,60000,6,No,Yes,2,4
1378,38,Finance,Male,60000,4,No,No,4,3
1379,47,Operations,Female,75000,6,No,No,3,2
1380,45,Operations,Female,105000,11,No,Yes,3,3
1381,56,HR,Female,65000,0,No,Yes,3,3
1382,45,Sales,Female,75000,0,Yes,Yes,1,2
1383,42,Sales,Female,115000,7,No,No,4,1
1384,28,Operations,Male,50000,9,No,Yes,3,3
1385,31,Sales,Male,50000,13,No,No,4,4
1386,20,Sales,Female,30000,12,Yes,No,3,1
1387,20,Operations,Male,85000,2,Yes,Yes,2,4
1388,53,IT,Female,65000,13,No,No,2,4
1389,51,Sales,Male,65000,10,Yes,No,2,1
1390,44,IT,Female,15000,1,No,No,2,1
1391,59,Sales,Male,95000,1,Yes,Yes,3,4
1392,20,Sales,Female,85000,6,Yes,Yes,2,2
1393,35,Sales,Female,110000,11,No,No,4,2
1394,58,Sales,Female,40000,9,No,No,2,2
1395,24,IT,Female,65088,1,Yes,No,4,2
1396,41,Operations,Female,85000,10,Yes,Yes,4,1
1397,48,Operations,Male,55000,3,No,No,4,4
1398,22,HR,Male,80000,1,No,Yes,2,2
1399,31,Sales,Male,100000,5,No,No,3,4
1400,45,Sales,Female,95000,7,No,Yes,2,2
1401,35,IT,Female,100000,9,No,No,3,4
1402,56,Sales,Female,35000,7,Yes,No,3,2
1403,41,Sales,Female,110000,3,No,Yes,4,1
1404,48,Finance,Female,110000,14,No,Yes,2,2
1405,33,HR,Female,55000,4,No,No,3,2
1406,47,IT,Female,65000,3,No,Yes,2,2
1407,24,IT,Female,65088,2,Yes,No,3,4
1408,49,Sales,Male,15000,4,Yes,Yes,2,2
1409,24,HR,Female,100000,13,No,No,2,3
1410,31,Operations,Male,40000,8,No,No,2,2
1411,35,IT,Female,20000,7,No,No,2,3
1412,45,Operations,Female,85000,7,Yes,Yes,3,2
1413,45,HR,Male,115000,7,Yes,Yes,1,4
1414,40,Operations,Female,80000,11,Yes,No,3,2
1415,58,Sales,Female,35000,7,No,Yes,3,4
1416,55,Finance,Male,40000,6,Yes,No,4,4
1417,52,IT,Male,40000,7,No,Yes,4,1
1418,49,IT,Male,65088,10,No,Yes,3,2
1419,56,Sales,Female,100000,13,Yes,No,2,2
1420,42,Finance,Female,80000,7,No,Yes,4,4
1421,29,IT,Male,60000,7,No,No,3,2
1422,24,Operations,Female,80000,12,No,Yes,1,2
1423,55,IT,Female,75000,13,No,Yes,2,4
1424,53,Operations,Female,25000,7,No,No,2,3
1425,50,Sales,Male,40000,11,No,No,3,2
1426,29,HR,Female,50000,9,No,No,3,2
1427,38,IT,Female,70000,6,No,Yes,2,1
1428,51,IT,Male,75000,11,No,Yes,4,1
1429,20,IT,Male,65000,0,Yes,No,4,1
1430,24,Sales,Female,70000,3,No,Yes,4,2
1431,23,Sales,Male,15000,12,Yes,No,2,3
1432,35,Sales,Female,95000,12,Yes,No,2,2
1433,43,IT,Female,90000,7,Yes,No,2,2
1434,35,Operations,Male,65000,3,Yes,Yes,4,2
1435,21,Sales,Male,75000,4,No,No,4,2
1436,47,IT,Female,100000,9,No,Yes,1,3
1437,51,IT,Female,65000,5,Yes,No,1,1
1438,46,Sales,Male,70000,3,No,Yes,3,2
1439,39,Finance,Male,40000,14,Yes,Yes,3,1
1440,43,Sales,Female,55000,1,Yes,No,2,1
1441,31,Sales,Male,90000,7,Yes,No,2,2
1442,54,Operations,Female,30000,5,No,Yes,2,2
1443,52,Operations,Male,25000,14,No,No,2,3
1444,52,Finance,Female,90000,7,Yes,No,1,3
1445,56,IT,Female,70000,14,Yes,Yes,3,1
1446,31,Sales,Female,65000,7,Yes,No,1,2
1447,22,Sales,Female,35000,6,No,Yes,1,4
1448,20,Operations,Female,100000,5,Yes,Yes,3,2
1449,52,Sales,Female,105000,1,No,No,2,1
1450,59,IT,Male,65088,14,No,No,3,3
1451,29,HR,Male,65088,6,Yes,No,4,2
1452,48,HR,Female,40000,10,No,No,4,2
1453,32,HR,Female,65088,11,Yes,No,4,1
1454,31,Sales,Male,100000,13,No,Yes,2,4
1455,50,IT,Female,40000,7,No,No,2,3
1456,21,Sales,Male,30000,13,No,Yes,2,1
1457,54,Finance,Male,70000,4,Yes,No,2,4
1458,42,Sales,Male,105000,7,Yes,No,1,2
1459,36,Sales,Female,20000,5,No,Yes,4,2
1460,45,Operations,Female,95000,9,Yes,No,4,3
1461,27,IT,Female,65000,7,No,Yes,1,3
1462,48,Sales,Female,65000,7,No,No,3,4
1463,45,Sales,Female,115000,13,Yes,Yes,3,1
1464,29,IT,Female,90000,7,No,No,2,2
1465,45,Sales,Female,20000,2,No,Yes,2,4
1466,53,IT,Male,20000,11,No,No,2,2
1467,40,Sales,Female,65088,7,No,No,3,2
1468,26,HR,Female,50000,11,No,No,1,2
1469,23,Sales,Female,75000,13,No,Yes,2,4
1470,30,Sales,Female,60000,6,No,Yes,4,2
1471,48,IT,Female,50000,0,No,Yes,4,3
1472,55,Finance,Female,30000,0,No,Yes,1,1
1473,44,Finance,Female,85000,6,No,No,3,3
1474,40,IT,Male,15000,14,Yes,No,4,2
1475,55,Sales,Female,65000,14,No,No,4,3
1476,29,Operations,Female,45000,9,No,No,2,4
1477,56,Operations,Male,95000,8,No,Yes,2,2
1478,28,Sales,Female,110000,6,Yes,Yes,3,2
1479,43,Finance,Female,100000,9,No,Yes,2,2
1480,54,Finance,Male,65088,4,No,No,3,3
1481,54,Sales,Female,65088,7,No,No,4,4
1482,55,Finance,Female,70000,1,No,Yes,2,3
1483,37,Sales,Female,55000,8,No,No,2,3
1484,58,Finance,Female,35000,5,No,Yes,4,2
1485,51,IT,Female,60000,12,Yes,No,3,3
1486,43,Sales,Female,30000,8,No,Yes,2,2
1487,42,HR,Male,35000,7,No,No,2,3
1488,51,Finance,Female,60000,1,Yes,No,4,2
1489,56,Sales,Female,65000,2,No,No,2,2
1490,31,HR,Male,115000,11,No,No,2,4
1491,32,Sales,Male,60000,7,No,No,2,2
1492,42,Sales,Male,50000,0,Yes,No,4,4
1493,44,HR,Female,20000,14,No,No,3,4
1494,54,Sales,Female,65088,9,No,No,4,2
1495,40,Sales,Female,50000,14,No,Yes,2,2
1496,49,Sales,Female,90000,14,No,No,1,1
1497,36,IT,Female,65088,14,No,No,1,4
1498,39,Sales,Male,35000,6,Yes,No,2,4
1499,44,Sales,Female,25000,6,No,No,2,2
1500,41,Sales,Female,70000,12,No,No,1,2
1501,32,Sales,Male,75000,0,No,Yes,2,3
1502,38,IT,Male,75000,7,No,No,2,2
1503,55,Operations,Female,60000,8,No,No,4,4
1504,31,Finance,Female,30000,7,Yes,No,4,2
1505,40,Finance,Male,55000,3,No,Yes,2,1
1506,38,IT,Male,65088,9,Yes,No,2,3
1507,31,IT,Female,65088,10,No,Yes,4,2
1508,28,Finance,Male,20000,4,Yes,No,2,1
1509,26,Operations,Male,105000,1,No,No,2,1
1510,47,Finance,Male,15000,12,Yes,No,4,1
1511,33,IT,Female,45000,7,No,Yes,1,2
1512,50,Operations,Female,95000,8,No,Yes,4,3
1513,38,IT,Male,25000,14,Yes,No,2,3
1514,35,HR,Male,110000,11,Yes,No,3,1
1515,24,Sales,Female,110000,11,Yes,No,4,2
1516,54,IT,Female,115000,5,No,Yes,2,1
1517,31,IT,Male,25000,2,No,Yes,2,2
1518,44,Sales,Female,25000,11,Yes,No,4,3
1519,40,IT,Male,95000,6,No,No,3,4
1520,55,IT,Male,45000,8,No,No,4,1
1521,42,Sales,Female,80000,2,Yes,No,3,2
1522,35,IT,Female,95000,7,Yes,No,3,3
1523,58,Sales,Male,100000,1,No,No,2,2
1524,58,Sales,Female,75000,7,No,Yes,2,3
1525,33,Sales,Female,110000,6,Yes,Yes,2,2
1526,50,Sales,Female,110000,6,No,No,3,2
1527,24,Operations,Female,115000,3,Yes,No,2,1
1528,54,Finance,Male,100000,10,No,No,1,1
1529,42,HR,Female,30000,8,Yes,No,3,3
1530,48,IT,Male,15000,7,Yes,Yes,2,2
1531,30,Operations,Male,100000,13,No,No,1,3
1532,37,HR,Female,15000,7,No,Yes,2,4
1533,31,IT,Male,75000,12,No,No,2,2
1534,28,IT,Male,110000,12,No,Yes,1,2
1535,29,IT,Female,110000,0,Yes,No,4,1
1536,36,Operations,Male,65088,0,Yes,Yes,4,2
1537,57,Operations,Female,60000,4,No,No,1,1
1538,26,IT,Male,65000,5,Yes,No,3,4
1539,32,Finance,Female,55000,2,No,Yes,3,3
1540,59,Sales,Male,55000,12,No,No,2,3
1541,28,Sales,Female,35000,8,No,No,4,2
1542,46,IT,Male,15000,11,No,No,3,1
1543,21,Sales,Female,95000,9,Yes,No,3,1
1544,24,Finance,Female,65088,13,No,No,4,4
1545,48,Sales,Female,20000,14,No,Yes,2,3
1546,56,IT,Female,75000,5,No,Yes,3,1
1547,57,IT,Male,55000,3,No,No,1,2
1548,38,IT,Female,30000,11,Yes,Yes,2,3
1549,27,HR,Female,35000,6,No,No,3,4
1550,20,Sales,Female,65000,7,Yes,No,3,2
1551,41,Finance,Female,105000,8,Yes,Yes,2,2
1552,36,Sales,Female,115000,12,Yes,Yes,1,4
1553,26,Finance,Female,25000,7,No,Yes,2,2
1554,44,Operations,Female,70000,10,Yes,No,3,1
1555,23,Operations,Male,105000,5,No,No,2,2
1556,55,IT,Male,105000,14,No,No,4,4
1557,25,Sales,Male,75000,5,Yes,No,3,1
1558,50,Operations,Female,45000,7,Yes,No,3,2
1559,38,IT,Male,85000,11,Yes,No,4,3
1560,58,Finance,Female,65088,4,Yes,Yes,2,1
1561,46,Sales,Female,45000,13,No,No,3,2
1562,29,IT,Female,50000,2,No,Yes,2,4
1563,45,HR,Male,35000,11,No,No,1,2
1564,38,Operations,Female,115000,2,No,No,2,1
1565,58,IT,Male,80000,12,No,Yes,2,3
1566,22,IT,Female,30000,5,No,Yes,1,4
1567,32,HR,Female,65088,1,No,Yes,2,4
1568,47,Sales,Female,60000,7,No,No,2,1
1569,39,Finance,Female,110000,5,Yes,No,4,3
1570,47,Sales,Female,85000,7,No,No,2,2
1571,27,IT,Male,100000,12,No,Yes,4,1
1572,40,Sales,Female,110000,5,Yes,No,1,2
1573,58,Operations,Female,75000,7,Yes,No,4,4
1574,20,IT,Female,50000,6,Yes,No,2,2
1575,22,Sales,Male,55000,7,No,Yes,3,3
1576,32,HR,Female,90000,13,No,Yes,3,2
1577,47,HR,Female,105000,8,Yes,No,1,3
1578,44,Sales,Male,90000,5,Yes,No,3,2
1579,52,Finance,Female,45000,13,No,No,4,1
1580,57,Sales,Female,80000,7,No,Yes,1,4
1581,25,IT,Male,80000,2,Yes,No,2,2
1582,51,Finance,Female,30000,9,No,Yes,1,1
1583,40,Sales,Female,85000,2,Yes,No,1,1
1584,35,IT,Female,25000,7,Yes,No,2,3
1585,40,Sales,Male,35000,10,Yes,Yes,2,2
1586,30,Finance,Male,15000,11,No,Yes,1,3
1587,56,Sales,Female,25000,0,No,No,3,2
1588,55,HR,Female,85000,10,Yes,No,2,3
1589,54,HR,Female,50000,14,Yes,No,2,1
1590,38,Operations,Male,30000,12,No,Yes,4,4
1591,39,Operations,Male,20000,14,No,No,2,2
1592,37,Sales,Female,60000,4,No,Yes,1,2
1593,40,IT,Male,30000,13,Yes,Yes,3,2
1594,33,IT,Female,25000,3,Yes,No,4,1
1595,34,Sales,Female,20000,8,No,No,2,3
1596,50,Sales,Female,95000,14,No,Yes,3,3
1597,20,Finance,Female,65088,8,No,No,3,1
1598,22,IT,Female,115000,14,Yes,Yes,3,2
1599,35,IT,Male,110000,13,No,Yes,1,2
1600,42,Operations,Female,65088,4,No,Yes,2,3
1601,30,Sales,Female,75000,9,No,No,3,2
1602,31,Finance,Female,35000,3,No,No,4,4
1603,29,Operations,Female,115000,6,Yes,Yes,2,2
1604,51,Sales,Female,55000,14,No,Yes,4,2
1605,35,Finance,Male,65088,5,Yes,No,1,2
1606,27,Sales,Female,40000,3,No,No,1,4
1607,57,IT,Female,35000,12,No,Yes,4,2
1608,31,Finance,Male,60000,12,No,No,2,2
1609,43,Sales,Male,50000,14,Yes,Yes,1,2
1610,47,IT,Male,45000,9,Yes,Yes,1,2
1611,27,HR,Male,45000,1,No,No,4,1
1612,47,Sales,Female,40000,0,No,Yes,1,2
1613,55,Sales,Female,115000,3,Yes,Yes,2,4
1614,45,IT,Male,110000,3,Yes,No,2,2
1615,27,HR,Female,25000,12,Yes,No,2,1
1616,47,Sales,Male,105000,0,Yes,Yes,2,1
1617,47,Finance,Male,65088,5,Yes,No,2,1
1618,56,Finance,Female,85000,3,No,No,2,1
1619,40,Finance,Female,30000,0,Yes,Yes,2,2
1620,55,HR,Female,70000,0,No,No,3,2
1621,46,Sales,Female,40000,14,No,Yes,1,3
1622,36,Sales,Male,105000,12,No,No,2,4
1623,28,HR,Male,30000,0,Yes,Yes,1,1
1624,52,Finance,Male,85000,7,Yes,Yes,4,2
1625,39,IT,Female,55000,9,Yes,Yes,1,1
1626,32,Sales,Female,35000,7,No,No,2,1
1627,47,Sales,Female,75000,1,No,No,1,1
1628,48,Operations,Female,65088,10,No,Yes,1,1
1629,32,Operations,Female,100000,12,Yes,No,1,1
1630,54,Sales,Male,35000,6,No,Yes,3,4
1631,25,Sales,Male,90000,13,Yes,No,3,2
1632,37,Sales,Male,105000,7,No,Yes,4,1
1633,24,IT,Male,80000,7,Yes,No,2,1
1634,44,Sales,Female,90000,10,No,No,1,1
1635,21,Operations,Female,85000,9,Yes,No,1,1
1636,29,HR,Male,65088,14,Yes,No,1,2
1637,49,Sales,Female,30000,10,No,Yes,1,2
1638,24,Operations,Female,45000,12,No,No,3,3
1639,52,Sales,Female,90000,6,Yes,No,4,1
1640,20,Sales,Female,65088,4,No,No,2,3
1641,37,Sales,Male,115000,0,No,No,2,4
1642,51,Sales,Female,65088,11,Yes,No,1,3
1643,30,Sales,Female,115000,8,Yes,No,4,2
1644,40,IT,Female,50000,12,No,No,2,2
1645,45,IT,Male,95000,7,No,No,4,2
1646,44,Sales,Female,90000,6,No,No,3,1
1647,41,Sales,Female,65088,1,No,No,2,1
1648,46,IT,Female,60000,5,No,Yes,4,4
1649,32,Operations,Male,60000,1,No,Yes,3,4
1650,52,HR,Female,20000,14,No,Yes,4,2
1651,53,HR,Male,55000,0,Yes,Yes,4,1
1652,40,Finance,Male,95000,13,Yes,No,2,1
1653,54,Sales,Male,65000,6,Yes,No,3,4
1654,20,HR,Female,60000,12,Yes,No,1,4
1655,40,Sales,Female,65088,7,Yes,No,2,4
1656,25,IT,Female,95000,1,Yes,Yes,2,2
1657,47,Sales,Female,30000,12,No,Yes,3,3
1658,36,IT,Female,90000,13,No,Yes,4,3
1659,24,Sales,Female,110000,13,No,Yes,3,1
1660,50,HR,Female,85000,1,No,Yes,2,2
1661,24,HR,Female,115000,12,No,No,2,4
1662,57,Finance,Male,35000,10,Yes,No,1,1
1663,22,HR,Female,40000,4,No,No,1,2
1664,42,Sales,Male,95000,13,No,No,2,2
1665,56,Sales,Female,15000,4,No,No,2,2
1666,56,IT,Female,105000,7,Yes,Yes,2,1
1667,29,Sales,Female,30000,6,No,Yes,4,3
1668,29,Sales,Male,95000,0,No,Yes,1,4
1669,38,Sales,Female,55000,7,No,No,4,2
1670,36,Finance,Male,20000,2,Yes,Yes,1,2
1671,40,Finance,Male,50000,3,Yes,No,2,1
1672,33,HR,Female,85000,14,Yes,No,2,1
1673,28,Sales,Male,45000,8,No,Yes,2,4
1674,20,Sales,Female,40000,3,No,No,2,1
1675,32,Sales,Female,15000,9,No,No,4,1
1676,23,Sales,Male,85000,11,No,Yes,4,4
1677,20,Finance,Female,65088,14,No,No,3,2
1678,59,HR,Male,45000,4,No,Yes,1,3
1679,51,Sales,Male,95000,6,No,No,4,3
1680,53,HR,Female,20000,7,No,No,2,2
1681,47,HR,Male,55000,3,No,No,4,2
1682,50,HR,Male,55000,13,No,Yes,2,2
1683,27,Operations,Female,75000,0,No,No,1,3
1684,58,Sales,Male,40000,8,No,No,3,4
1685,45,HR,Male,40000,3,No,No,1,1
1686,53,Operations,Female,110000,8,Yes,No,2,3
1687,22,Finance,Female,110000,5,No,No,2,2
1688,31,Sales,Female,115000,14,Yes,No,2,3
1689,20,Sales,Female,25000,0,Yes,Yes,2,2
1690,24,IT,Male,95000,11,No,Yes,2,2
1691,49,Sales,Female,95000,2,Yes,Yes,3,2
1692,49,Sales,Female,70000,10,No,Yes,2,2
1693,36,IT,Female,90000,1,No,Yes,2,4
1694,42,Sales,Male,85000,7,No,Yes,4,3
1695,34,Sales,Female,75000,8,No,No,3,4
1696,56,Sales,Female,65088,7,Yes,Yes,1,1
1697,40,Sales,Female,15000,14,No,No,3,3
1698,33,IT,Female,95000,11,No,Yes,3,4
1699,21,Sales,Female,25000,0,No,No,3,4
1700,30,Sales,Female,85000,12,No,Yes,2,1
1701,58,IT,Male,30000,13,No,Yes,2,2
1702,57,Finance,Female,30000,8,Yes,No,2,3
1703,53,HR,Male,100000,8,Yes,No,1,3
1704,57,Sales,Male,95000,7,No,No,4,1
1705,53,IT,Female,105000,7,Yes,Yes,3,2
1706,37,Operations,Male,65000,10,Yes,Yes,1,3
1707,49,IT,Male,110000,13,No,No,1,3
1708,34,IT,Female,25000,11,No,No,2,3
1709,46,Sales,Male,50000,0,No,No,4,2
1710,53,HR,Female,80000,10,Yes,Yes,3,1
1711,57,Sales,Female,15000,7,No,Yes,4,3
1712,52,HR,Male,80000,9,No,Yes,2,4
1713,43,IT,Female,20000,13,No,No,2,2
1714,34,IT,Female,65088,2,No,No,1,2
1715,49,Sales,Male,30000,10,Yes,Yes,3,1
1716,36,HR,Male,105000,6,No,No,2,4
1717,24,Sales,Female,40000,10,Yes,No,2,3
1718,48,Finance,Male,15000,14,No,No,4,2
1719,23,Sales,Male,95000,0,No,No,1,1
1720,29,Sales,Female,50000,0,Yes,Yes,3,2
1721,36,Sales,Female,105000,7,Yes,No,2,2
1722,29,Finance,Female,115000,9,No,No,2,2
1723,36,Sales,Female,15000,12,Yes,No,1,4
1724,39,Finance,Female,35000,4,No,No,4,1
1725,43,Sales,Female,90000,4,No,Yes,2,4
1726,24,IT,Female,40000,7,Yes,No,4,4
1727,53,IT,Female,50000,6,Yes,Yes,4,3
1728,25,IT,Male,75000,7,Yes,No,4,2
1729,21,IT,Male,90000,5,No,Yes,1,2
1730,32,IT,Female,25000,5,Yes,No,1,1
1731,30,Finance,Male,105000,1,No,No,2,2
1732,42,Sales,Male,70000,5,Yes,Yes,4,2
1733,35,Finance,Male,90000,4,No,Yes,1,1
1734,50,Sales,Female,65000,12,Yes,Yes,2,2
1735,30,Sales,Male,60000,7,No,No,2,3
1736,35,Sales,Female,110000,2,No,No,4,2
1737,27,Sales,Female,30000,5,No,Yes,3,3
1738,23,IT,Female,70000,7,Yes,No,4,2
1739,59,IT,Female,65088,8,Yes,Yes,3,2
1740,23,IT,Male,20000,0,No,No,2,4
1741,44,HR,Female,65088,2,Yes,Yes,1,3
1742,22,Finance,Female,105000,2,Yes,Yes,2,2
1743,51,Sales,Female,35000,10,Yes,Yes,2,2
1744,22,Sales,Male,50000,7,Yes,No,1,1
1745,46,IT,Female,45000,0,No,Yes,2,1
1746,48,Sales,Female,80000,4,Yes,No,4,3
1747,51,Sales,Male,65088,2,No,No,3,4
1748,38,Finance,Female,25000,1,No,No,2,2
1749,40,IT,Female,100000,14,No,Yes,1,3
1750,24,Finance,Male,90000,7,No,Yes,4,1
1751,37,Operations,Male,65088,2,No,No,2,3
1752,47,HR,Female,105000,6,Yes,Yes,4,2
1753,41,Operations,Female,105000,11,Yes,No,3,2
1754,40,IT,Female,100000,10,No,Yes,4,2
1755,25,Sales,Male,110000,0,Yes,No,2,2
1756,20,IT,Female,90000,5,Yes,Yes,1,2
1757,24,IT,Female,50000,2,Yes,No,2,2
1758,40,Sales,Male,15000,7,No,Yes,3,3
1759,31,Finance,Female,95000,5,No,No,2,1
1760,45,Operations,Female,70000,11,No,No,3,3
1761,53,Sales,Female,115000,1,No,Yes,4,1
1762,33,Operations,Female,65000,5,No,Yes,3,2
1763,45,IT,Female,35000,6,No,Yes,2,4
1764,46,Operations,Female,70000,4,Yes,Yes,2,2
1765,28,IT,Male,95000,2,Yes,Yes,2,3
1766,45,Sales,Female,40000,3,No,Yes,3,3
1767,41,IT,Male,15000,3,No,No,1,1
1768,49,Finance,Female,35000,5,No,Yes,3,3
1769,36,Sales,Female,80000,9,No,Yes,4,2
1770,45,Sales,Male,35000,0,No,No,2,3
1771,55,Sales,Male,65088,10,Yes,No,2,1
1772,20,IT,Female,15000,3,Yes,No,2,1
1773,27,Sales,Female,100000,9,No,No,1,2
1774,54,Operations,Male,90000,12,Yes,Yes,1,1
1775,34,Sales,Male,55000,3,Yes,No,2,4
1776,41,Sales,Male,105000,9,No,No,3,2
1777,33,HR,Female,65088,7,No,No,3,3
1778,45,IT,Female,35000,0,Yes,No,4,4
1779,47,IT,Male,20000,8,No,Yes,2,3
1780,42,Finance,Male,85000,3,No,Yes,1,4
1781,33,Sales,Male,45000,6,No,No,4,3
1782,43,IT,Male,30000,11,No,No,4,2
1783,21,IT,Female,15000,13,No,Yes,1,1
1784,45,Operations,Female,75000,2,Yes,No,3,1
1785,33,Operations,Female,110000,9,Yes,No,2,2
1786,26,Sales,Female,65088,11,No,No,3,4
1787,22,IT,Male,45000,2,No,No,4,2
1788,42,IT,Female,85000,13,No,No,2,4
1789,37,HR,Male,65088,7,Yes,Yes,2,1
1790,57,IT,Female,80000,7,No,No,4,2
1791,54,Finance,Female,65088,10,Yes,Yes,3,3
1792,34,HR,Male,105000,11,No,No,3,2
1793,44,Sales,Male,65088,0,No,Yes,3,4
1794,56,Operations,Female,110000,9,Yes,No,1,2
1795,47,IT,Female,100000,1,No,No,4,3
1796,29,Sales,Male,60000,7,Yes,Yes,2,4
1797,58,Operations,Female,55000,7,No,Yes,3,3
1798,36,Sales,Male,50000,0,Yes,Yes,3,2
1799,58,Finance,Male,60000,14,No,No,1,1
1800,41,Operations,Female,95000,11,Yes,No,2,4
1801,45,Finance,Female,20000,7,No,No,4,2
1802,44,Finance,Female,40000,7,No,No,2,2
1803,36,Finance,Female,35000,7,Yes,No,1,4
1804,32,Sales,Female,55000,1,No,No,4,2
1805,39,Finance,Male,35000,3,Yes,No,2,4
1806,44,Finance,Male,100000,5,No,No,3,2
1807,23,Sales,Male,110000,11,No,No,3,4
1808,29,Sales,Female,55000,10,Yes,No,2,3
1809,22,HR,Female,95000,8,No,No,2,2
1810,40,IT,Female,95000,14,Yes,No,3,4
1811,37,Sales,Male,70000,7,No,No,3,1
1812,55,HR,Male,45000,7,No,Yes,2,4
1813,41,Finance,Male,25000,11,No,Yes,4,3
1814,53,Sales,Male,60000,14,No,Yes,3,2
1815,27,Operations,Male,20000,7,No,No,1,2
1816,59,Sales,Male,25000,6,Yes,Yes,1,2
1817,38,Sales,Female,90000,13,No,Yes,4,1
1818,40,Finance,Female,20000,12,No,No,2,3
1819,56,Sales,Female,60000,8,Yes,No,2,2
1820,25,IT,Male,40000,14,No,No,1,2
1821,45,Sales,Male,65088,1,No,No,1,3
1822,53,Finance,Male,65000,2,Yes,No,4,4
1823,25,Sales,Female,65088,9,Yes,No,2,1
1824,56,IT,Male,45000,7,No,No,2,3
1825,52,Sales,Male,85000,13,No,No,4,3
1826,41,IT,Female,40000,5,No,No,1,2
1827,40,IT,Male,110000,9,No,No,2,3
1828,25,Sales,Male,55000,8,Yes,Yes,1,2
1829,25,Sales,Male,65088,9,Yes,No,2,1
1830,23,Operations,Male,110000,3,No,No,1,1
1831,49,Finance,Female,70000,7,No,No,2,4
1832,30,IT,Male,105000,7,No,No,3,2
1833,49,Operations,Male,110000,9,No,No,1,2
1834,50,Sales,Female,25000,2,No,No,4,2
1835,43,Sales,Female,85000,2,No,Yes,3,2
1836,28,Operations,Female,20000,7,Yes,No,4,4
1837,22,IT,Male,115000,4,No,Yes,4,1
1838,50,HR,Male,20000,2,No,No,4,2
1839,59,IT,Female,65088,9,Yes,No,1,3
1840,56,Sales,Male,25000,10,No,No,2,1
1841,55,Sales,Female,40000,7,No,Yes,3,3
1842,43,Finance,Male,85000,0,No,No,2,2
1843,50,Sales,Female,60000,14,Yes,No,2,1
1844,25,Sales,Female,55000,2,No,Yes,1,4
1845,21,IT,Female,15000,11,No,No,4,2
1846,39,Sales,Female,90000,8,No,No,2,2
1847,47,Finance,Male,40000,4,No,No,3,3
1848,30,Sales,Male,55000,11,No,No,2,2
1849,23,Sales,Male,30000,9,Yes,Yes,2,2
1850,34,Sales,Female,20000,14,Yes,No,2,1
1851,25,IT,Male,30000,1,No,Yes,1,2
1852,49,Operations,Male,15000,6,No,No,3,3
1853,57,Operations,Female,105000,14,No,Yes,2,3
1854,21,Sales,Male,60000,1,Yes,No,4,1
1855,34,Operations,Male,115000,3,No,No,3,2
1856,30,HR,Male,85000,11,Yes,Yes,2,4
1857,27,Sales,Male,65088,6,No,Yes,2,3
1858,45,Sales,Female,105000,3,No,No,2,1
1859,24,Finance,Male,90000,6,Yes,Yes,2,4
1860,25,Operations,Female,115000,7,Yes,Yes,2,2
1861,45,IT,Female,65088,6,No,No,1,3
1862,23,Sales,Female,30000,7,Yes,Yes,2,1
1863,38,Sales,Male,20000,0,Yes,No,4,1
1864,39,IT,Female,75000,5,Yes,Yes,4,1
1865,52,HR,Male,15000,8,No,Yes,3,3
1866,39,Finance,Female,95000,1,No,Yes,2,4
1867,31,Sales,Male,75000,13,Yes,No,2,1
1868,20,IT,Female,30000,2,No,Yes,2,2
1869,45,Sales,Male,45000,9,Yes,Yes,1,1
1870,33,HR,Male,95000,4,No,Yes,3,4
1871,57,IT,Female,55000,8,Yes,Yes,2,3
1872,56,HR,Female,30000,3,Yes,No,2,1
1873,30,HR,Female,105000,0,Yes,No,1,1
1874,55,Finance,Female,15000,3,Yes,No,3,2
1875,32,Sales,Female,60000,5,No,Yes,3,2
1876,22,IT,Female,30000,4,Yes,No,2,1
1877,52,Operations,Male,55000,13,Yes,Yes,3,1
1878,25,Operations,Female,75000,12,Yes,No,2,2
1879,29,IT,Male,80000,0,No,No,3,4
1880,24,HR,Female,60000,3,Yes,Yes,4,2
1881,42,Sales,Female,40000,5,Yes,No,2,2
1882,29,Finance,Male,90000,12,No,No,1,1
1883,21,Sales,Female,40000,14,No,No,1,2
1884,32,Finance,Male,95000,9,No,Yes,2,3
1885,59,Operations,Female,60000,9,No,No,2,3
1886,21,IT,Male,100000,13,No,No,4,2
1887,39,IT,Male,65088,3,No,Yes,1,4
1888,20,IT,Female,100000,14,Yes,Yes,1,2
1889,56,IT,Male,25000,13,No,Yes,1,1
1890,28,Sales,Female,110000,8,No,No,1,4
1891,36,IT,Female,115000,4,No,Yes,3,3
1892,28,Sales,Female,85000,7,No,No,2,2
1893,30,Sales,Male,85000,8,No,No,2,2
1894,34,Sales,Male,30000,9,No,Yes,4,1
1895,43,Sales,Female,55000,4,No,Yes,3,2
1896,57,Operations,Female,105000,5,No,No,1,1
1897,54,Sales,Female,95000,0,No,Yes,1,2
1898,49,Finance,Female,65000,10,Yes,No,2,3
1899,50,Sales,Male,55000,7,Yes,No,2,2
1900,24,HR,Female,60000,11,Yes,Yes,4,4
1901,33,HR,Male,100000,14,No,Yes,1,2
1902,30,Operations,Female,110000,6,No,No,4,2
1903,28,Finance,Male,75000,3,No,Yes,3,4
1904,53,Sales,Female,50000,10,No,Yes,2,2
1905,31,IT,Female,45000,1,No,No,1,2
1906,54,Finance,Female,95000,4,No,Yes,3,1
1907,54,HR,Female,115000,11,No,No,1,2
1908,20,HR,Female,65088,2,No,No,2,1
1909,59,Sales,Female,85000,5,No,Yes,4,4
1910,41,Sales,Male,110000,7,No,Yes,2,2
1911,48,Finance,Female,85000,6,Yes,Yes,2,4
1912,27,Finance,Female,15000,7,Yes,No,2,4
1913,30,HR,Female,80000,2,No,Yes,1,2
1914,40,IT,Male,35000,7,Yes,Yes,2,2
1915,56,Operations,Male,65000,1,No,Yes,1,1
1916,33,IT,Male,90000,9,No,No,2,1
1917,49,Operations,Male,20000,8,Yes,Yes,2,2
1918,54,Finance,Female,50000,3,No,Yes,4,2
1919,40,Operations,Male,65000,0,No,Yes,4,2
1920,56,HR,Female,100000,7,Yes,No,4,2
1921,24,HR,Female,25000,6,No,No,2,1
1922,38,Sales,Female,15000,10,No,Yes,2,4
1923,33,Finance,Male,65000,12,Yes,No,2,2
1924,45,Sales,Male,90000,7,Yes,No,1,1
1925,23,Finance,Female,100000,4,Yes,No,2,1
1926,44,IT,Female,90000,9,Yes,Yes,4,4
1927,44,IT,Male,65088,12,No,Yes,1,2
1928,37,Sales,Male,60000,4,No,Yes,4,2
1929,59,Finance,Female,100000,6,Yes,Yes,1,2
1930,27,IT,Female,40000,4,No,No,2,2
1931,58,Operations,Male,105000,7,No,Yes,4,4
1932,59,Finance,Male,30000,10,No,No,2,2
1933,33,Sales,Male,75000,12,No,Yes,4,4
1934,51,Sales,Female,80000,5,Yes,No,3,1
1935,57,Sales,Female,25000,12,No,No,1,2
1936,52,HR,Male,60000,4,Yes,No,3,1
1937,42,IT,Female,40000,8,No,Yes,1,3
1938,34,Operations,Female,15000,10,No,No,2,4
1939,52,Finance,Male,65088,7,No,No,4,3
1940,44,Sales,Male,80000,1,No,No,2,2
1941,36,Operations,Male,50000,0,No,No,2,1
1942,52,HR,Female,105000,7,No,No,1,2
1943,21,IT,Female,80000,11,No,Yes,3,3
1944,33,IT,Male,60000,2,Yes,No,2,2
1945,59,Sales,Female,95000,13,No,No,1,2
1946,59,Operations,Female,55000,10,No,Yes,2,3
1947,58,Operations,Female,40000,11,No,No,2,2
1948,25,IT,Male,65000,11,Yes,Yes,2,1
1949,25,Operations,Female,45000,11,Yes,No,3,2
1950,22,HR,Male,95000,6,Yes,No,1,1
1951,26,HR,Male,15000,9,Yes,No,3,2
1952,27,IT,Male,65088,12,Yes,Yes,3,2
1953,34,Sales,Female,35000,10,No,No,1,2
1954,48,Finance,Male,55000,7,No,Yes,3,3
1955,52,Sales,Male,100000,14,No,No,4,1
1956,49,Finance,Male,115000,7,Yes,No,4,3
1957,58,Operations,Female,20000,12,Yes,Yes,4,1
1958,46,Sales,Male,65000,12,Yes,No,2,2
1959,55,Sales,Male,40000,5,No,No,3,4
1960,48,IT,Male,50000,11,No,No,1,2
1961,57,IT,Female,30000,9,No,No,1,2
1962,52,Sales,Male,100000,13,No,No,2,1
1963,56,Sales,Male,65000,8,No,Yes,1,1
1964,46,HR,Male,35000,6,No,Yes,4,1
1965,52,Sales,Female,85000,14,No,No,3,1
1966,23,Operations,Female,100000,9,Yes,Yes,1,2
1967,41,HR,Male,20000,4,Yes,No,1,3
1968,21,IT,Female,65088,7,No,Yes,2,4
1969,29,IT,Male,65000,14,No,No,2,2
1970,24,Sales,Female,75000,1,Yes,No,2,1
1971,29,IT,Female,30000,6,Yes,No,3,2
1972,52,IT,Female,65088,14,No,No,4,2
1973,57,Sales,Female,45000,3,Yes,No,4,1
1974,32,IT,Female,65000,8,Yes,Yes,4,4
1975,50,Finance,Female,65088,11,No,No,3,1
1976,55,Sales,Male,30000,0,No,No,3,4
1977,43,Finance,Female,85000,6,No,No,2,4
1978,34,IT,Female,15000,5,Yes,Yes,1,3
1979,48,Sales,Female,65088,7,No,Yes,2,3
1980,27,Sales,Female,25000,4,Yes,Yes,2,2
1981,24,Operations,Female,80000,14,No,No,1,2
1982,48,Finance,Male,40000,0,No,No,2,4
1983,23,Sales,Male,100000,0,No,No,1,1
1984,31,Sales,Female,15000,8,No,No,1,2
1985,21,Sales,Male,40000,14,No,No,2,2
1986,46,Finance,Female,40000,9,No,Yes,2,1
1987,50,IT,Female,115000,5,No,Yes,3,1
1988,55,Sales,Female,90000,9,No,No,2,3
1989,55,Sales,Female,35000,4,No,No,3,2
1990,45,Operations,Female,95000,14,No,No,2,4
1991,46,HR,Male,60000,0,No,Yes,1,2
1992,24,IT,Female,115000,5,No,Yes,4,3
1993,39,Sales,Female,100000,5,Yes,No,4,2
1994,30,Operations,Female,45000,2,Yes,Yes,2,1
1995,29,Sales,Male,25000,12,Yes,No,4,2
1996,59,Sales,Female,75000,7,Yes,No,3,4
1997,57,Operations,Female,85000,7,Yes,Yes,4,3
1998,25,IT,Male,110000,13,No,No,2,1
1999,27,Sales,Male,105000,14,No,Yes,2,4
2000,42,IT,Female,25000,0,No,Yes,3,2
2001,45,Sales,Female,30000,0,Yes,No,4,3
2002,31,HR,Male,35000,5,Yes,No,4,4
2003,45,IT,Male,15000,9,Yes,No,1,4
2004,32,IT,Female,30000,12,No,Yes,2,1
2005,59,Sales,Female,70000,0,No,Yes,2,2
2006,37,IT,Male,60000,5,No,No,1,4
2007,44,Sales,Female,65088,0,No,Yes,2,3
2008,52,Sales,Female,115000,7,Yes,Yes,1,4
2009,59,Sales,Male,110000,13,No,Yes,2,2
2010,31,Sales,Male,75000,12,Yes,No,1,3
2011,55,HR,Female,65088,5,No,No,2,3
2012,23,Sales,Female,80000,2,No,No,4,4
2013,24,Sales,Female,65088,13,Yes,No,2,1
2014,56,IT,Male,35000,13,Yes,Yes,3,3
2015,27,Sales,Male,30000,14,Yes,Yes,3,2
2016,47,HR,Male,80000,7,Yes,Yes,3,1
2017,50,Finance,Female,60000,12,No,Yes,3,1
2018,28,IT,Male,95000,14,Yes,No,2,1
2019,48,Sales,Female,60000,5,Yes,No,4,3
2020,33,HR,Male,45000,12,No,Yes,4,1
2021,59,Sales,Female,90000,10,Yes,No,2,4
2022,40,Finance,Female,15000,12,No,No,1,1
2023,41,HR,Female,95000,0,Yes,No,2,2
2024,30,HR,Male,115000,14,No,No,2,2
2025,42,IT,Female,55000,4,Yes,No,2,2
2026,20,IT,Male,40000,7,No,Yes,2,3
2027,56,Sales,Male,105000,2,No,No,4,1
2028,40,Sales,Female,75000,11,Yes,No,1,1
2029,45,Operations,Male,25000,5,No,No,2,4
2030,55,Sales,Male,45000,4,No,Yes,4,1
2031,42,Operations,Male,65088,5,Yes,No,2,2
2032,20,HR,Female,55000,9,No,Yes,3,3
2033,59,Sales,Female,65088,0,No,No,2,2
2034,34,Sales,Female,35000,6,Yes,No,2,1
2035,40,Finance,Female,60000,8,Yes,Yes,2,2
2036,28,Sales,Male,65088,1,No,No,3,1
2037,28,Sales,Male,95000,9,Yes,Yes,1,3
2038,29,Sales,Male,70000,14,No,No,2,2
2039,45,Sales,Female,65088,4,Yes,No,1,3
2040,40,IT,Female,90000,9,No,No,3,2
2041,54,HR,Male,25000,3,No,No,2,1
2042,44,HR,Female,65088,5,Yes,Yes,2,2
2043,45,HR,Female,55000,5,No,No,4,2
2044,30,HR,Male,85000,10,No,No,2,3
2045,57,Sales,Female,35000,7,No,No,2,2
2046,21,Operations,Male,65088,1,No,Yes,4,2
2047,26,HR,Female,75000,1,No,No,4,2
2048,37,Operations,Female,80000,3,No,Yes,4,1
2049,46,Operations,Female,110000,0,No,No,2,2
2050,53,IT,Female,85000,8,Yes,No,1,2
2051,46,HR,Female,90000,13,No,Yes,1,1
2052,36,IT,Male,65088,13,Yes,No,4,1
2053,43,Finance,Male,75000,12,No,No,2,3
2054,44,Sales,Female,95000,6,Yes,No,3,2
2055,26,Operations,Female,65088,7,Yes,Yes,4,1
2056,25,Sales,Male,50000,11,No,Yes,2,3
2057,43,Sales,Male,115000,6,Yes,No,2,4
2058,52,Finance,Female,20000,14,Yes,No,2,2
2059,48,Sales,Male,35000,2,No,Yes,2,4
2060,41,IT,Male,40000,14,Yes,Yes,1,1
2061,45,Sales,Female,70000,10,Yes,No,1,2
2062,47,Sales,Female,100000,14,No,Yes,3,3
2063,40,Sales,Male,65088,11,No,Yes,3,1
2064,26,Operations,Female,65088,2,No,Yes,3,2
2065,36,HR,Female,15000,0,No,Yes,3,2
2066,39,IT,Female,95000,2,No,Yes,2,4
2067,40,IT,Female,65000,2,No,Yes,2,1
2068,39,Operations,Female,60000,3,No,No,1,3
2069,41,IT,Male,105000,3,No,Yes,2,3
2070,47,HR,Male,80000,2,No,No,2,1
2071,59,Sales,Female,60000,7,No,Yes,4,1
2072,26,Sales,Male,85000,9,No,No,2,2
2073,20,Sales,Female,105000,7,No,No,3,4
2074,51,IT,Female,30000,11,Yes,Yes,3,1
2075,32,HR,Female,20000,7,No,Yes,4,1
2076,49,Operations,Female,55000,7,No,No,2,2
2077,42,IT,Female,60000,12,No,No,3,2
2078,38,HR,Male,65000,12,No,Yes,2,2
2079,51,Finance,Male,80000,0,No,No,4,3
2080,49,Sales,Male,45000,6,No,No,2,4
2081,48,IT,Male,65088,10,No,Yes,2,2
2082,48,IT,Male,85000,1,No,Yes,2,1
2083,49,Operations,Male,65088,0,Yes,Yes,3,2
2084,35,IT,Female,105000,2,No,Yes,1,3
2085,59,Finance,Female,65088,7,Yes,Yes,2,2
2086,38,Operations,Female,85000,3,Yes,No,2,3
2087,37,HR,Female,50000,12,Yes,No,2,2
2088,20,HR,Male,65000,5,No,Yes,2,2
2089,33,HR,Female,55000,9,No,No,1,2
2090,21,Sales,Male,85000,7,No,No,4,3
2091,47,HR,Female,15000,13,Yes,Yes,3,2
2092,49,IT,Female,15000,4,Yes,No,1,1
2093,57,Finance,Female,105000,7,Yes,No,2,2
2094,23,Sales,Male,25000,14,No,No,1,1
2095,20,Sales,Male,60000,14,No,No,1,2
2096,27,IT,Male,50000,13,Yes,Yes,1,2
2097,48,IT,Female,85000,3,No,Yes,4,2
2098,58,Sales,Female,60000,7,No,Yes,2,1
2099,22,Sales,Female,15000,10,Yes,Yes,3,4
2100,51,Sales,Male,100000,7,Yes,No,4,1
2101,29,Sales,Male,20000,11,Yes,No,4,1
2102,29,Sales,Male,105000,7,Yes,No,2,4
2103,38,Sales,Female,75000,13,No,Yes,4,2
2104,53,HR,Male,65088,3,No,No,1,2
2105,52,IT,Female,15000,12,No,No,1,2
2106,42,Operations,Male,20000,9,No,No,2,3
2107,47,Sales,Female,90000,11,No,Yes,4,3
2108,51,Sales,Female,85000,7,No,No,2,2
2109,26,Sales,Female,75000,12,Yes,No,3,3
2110,48,Sales,Female,90000,1,No,Yes,1,1
2111,27,Sales,Female,95000,14,Yes,Yes,3,1
2112,20,Finance,Female,115000,2,No,Yes,2,4
2113,22,Operations,Female,45000,5,No,Yes,1,4
2114,43,Operations,Female,95000,7,No,No,3,2
2115,42,Sales,Female,45000,7,Yes,No,2,2
2116,27,HR,Female,75000,14,Yes,No,3,2
2117,56,Finance,Male,35000,10,No,No,2,1
2118,22,Operations,Female,95000,14,No,No,2,3
2119,52,Sales,Female,25000,8,No,No,1,2
2120,47,Sales,Female,45000,6,Yes,Yes,2,2
2121,27,Operations,Male,95000,12,Yes,No,2,1
2122,53,IT,Male,45000,1,Yes,No,2,1
2123,54,Finance,Female,115000,7,No,No,1,1
2124,51,Finance,Female,15000,6,No,No,2,3
2125,43,IT,Male,95000,7,No,Yes,4,2
2126,33,IT,Female,95000,11,Yes,No,4,2
2127,51,Sales,Male,65000,2,Yes,No,2,2
2128,35,IT,Female,25000,6,No,Yes,3,2
2129,23,Sales,Female,85000,9,No,No,1,2
2130,56,Sales,Female,115000,12,No,Yes,2,2
2131,40,Sales,Female,65000,8,Yes,No,4,2
2132,33,Finance,Male,90000,7,No,No,2,3
2133,50,IT,Male,65088,2,No,Yes,4,2
2134,37,IT,Female,55000,13,No,No,2,4
2135,26,Operations,Female,15000,9,No,No,1,2
2136,29,Operations,Female,65088,5,No,Yes,2,2
2137,26,IT,Female,90000,1,No,No,2,1
2138,52,IT,Male,55000,1,Yes,No,2,2
2139,42,IT,Male,105000,4,Yes,No,3,2
2140,40,Sales,Male,70000,4,No,Yes,2,2
2141,38,IT,Female,105000,12,Yes,No,1,1
2142,38,Operations,Female,65088,6,Yes,Yes,2,3
2143,55,Finance,Female,55000,11,Yes,No,3,3
2144,48,IT,Male,45000,1,No,No,1,4
2145,37,HR,Female,80000,10,No,Yes,4,3
2146,21,Finance,Male,105000,13,No,Yes,3,3
2147,20,IT,Female,105000,12,No,No,1,2
2148,24,IT,Female,20000,6,No,No,2,2
2149,39,IT,Female,55000,4,No,No,2,3
2150,30,Finance,Female,75000,13,No,No,1,3
2151,21,Operations,Male,85000,5,No,Yes,2,1
2152,22,Operations,Female,25000,7,Yes,No,2,4
2153,42,Sales,Male,65000,9,Yes,No,1,1
2154,31,IT,Male,115000,12,No,Yes,4,2
2155,39,Sales,Female,80000,13,No,Yes,3,2
2156,24,Sales,Female,50000,11,Yes,No,1,4
2157,56,Operations,Male,100000,3,No,No,2,1
2158,57,Finance,Female,105000,12,No,Yes,1,3
2159,49,Sales,Female,90000,6,No,Yes,2,3
2160,28,Operations,Male,20000,5,No,Yes,1,4
2161,53,Finance,Female,50000,7,No,Yes,4,3
2162,54,Sales,Male,65088,9,No,No,1,1
2163,41,IT,Female,40000,1,No,No,3,1
2164,43,Operations,Male,70000,14,No,Yes,1,3
2165,36,IT,Male,85000,7,No,Yes,2,3
2166,29,Finance,Female,50000,9,Yes,Yes,1,2
2167,49,IT,Female,30000,7,No,No,4,2
2168,42,Sales,Male,85000,8,Yes,No,2,4
2169,51,Sales,Female,110000,4,Yes,No,1,1
2170,36,Sales,Male,95000,9,No,No,1,4
2171,36,Finance,Female,75000,3,No,No,3,2
2172,33,Sales,Female,100000,5,No,No,4,1
2173,28,Sales,Female,20000,7,Yes,No,2,2
2174,59,Sales,Female,75000,7,No,No,2,2
2175,21,HR,Male,75000,10,Yes,Yes,1,3
2176,44,Operations,Female,65088,14,No,Yes,2,4
2177,58,Finance,Female,85000,2,Yes,No,2,4
2178,28,Sales,Male,110000,9,No,Yes,4,3
2179,41,HR,Male,60000,10,No,No,4,4
2180,23,Sales,Female,25000,10,Yes,Yes,2,3
2181,45,IT,Female,105000,0,No,No,2,1
2182,48,IT,Male,25000,7,Yes,Yes,4,2
2183,53,IT,Female,65088,3,Yes,Yes,2,2
2184,42,Finance,Female,80000,14,No,No,4,4
2185,56,Sales,Female,50000,3,No,Yes,4,2
2186,30,IT,Male,65088,0,Yes,Yes,4,2
2187,25,Operations,Female,30000,8,Yes,No,3,3
2188,37,IT,Female,110000,2,No,No,2,2
2189,40,IT,Male,65000,4,No,No,2,2
2190,55,IT,Female,65000,7,Yes,No,2,2
2191,40,Sales,Male,65000,5,No,No,2,2
2192,57,HR,Female,20000,7,No,No,2,2
2193,53,Sales,Female,95000,5,No,Yes,2,3
2194,36,Operations,Male,55000,2,No,No,2,2
2195,56,Sales,Male,20000,5,No,No,1,4
2196,44,Sales,Male,85000,0,No,Yes,2,3
2197,57,Finance,Female,90000,3,No,Yes,1,1
2198,31,Finance,Female,30000,5,No,No,4,2
2199,42,Finance,Female,50000,7,No,Yes,4,2
2200,41,Sales,Female,55000,6,No,No,2,3
