EmployeeID,Age,Department,Gender,MonthlyIncome,YearsAtCompany,OverTime,Attrition,JobSatisfaction,PerformanceRating
1001,58,Operations,Male,40000,9,Y,Y,3,4
1002,48,IT,F,NA,9,,,1,2
1003,34,HR,,30000,4,Y,Yes,2,1
1004,27,it,Female,40000,,No,,,2
1005,40,sales,M,65000,12,Y,Yes,3,4
1006,58,IT,,15000,13,Yes,Yes,,1
1007,38,,,NA,6,N,,3,2
1008,42,Sales,F,85000,,N,Yes,2,
1009,30,Finance,Male,65000,9,Yes,No,1,2
1010,30,Operations,Female,105000,3,No,Yes,,4
1011,43,HR,Male,100000,0,Yes,N,3,1
1012,55,Operations,Female,95000,2,Y,Yes,4,
1013,59,it,Female,105000,4,Yes,N,2,1
1014,43,Sales,Male,115000,2,Yes,Yes,1,
1015,22,Operations,,80000,,No,Yes,2,1
1016,41,HR,Female,100000,11,Y,,4,4
1017,21,Sales,Male,105000,12,,No,1,
1018,43,Operations,Female,85000,10,,No,4,3
1019,49,Finance,M,85000,6,N,Y,2,1
1020,57,sales,,30000,11,Yes,,3,1
1021,21,Sales,F,45000,8,N,,2,2
1022,40,sales,Female,75000,14,No,No,2,
1023,52,,M,25000,11,,,2,3
1024,31,Sales,F,90000,5,Yes,No,,4
1025,41,Finance,F,55000,12,No,,4,2
1026,44,sales,Female,50000,9,No,Yes,4,3
1027,46,IT,Male,110000,0,Yes,No,4,
1028,47,HR,Female,75000,,No,No,,3
1029,35,IT,M,95000,6,Yes,N,3,1
1030,34,Operations,F,95000,14,Yes,,2,1
1031,22,Finance,Female,95000,2,Y,,3,2
1032,56,IT,Male,15000,4,N,No,,
1033,26,Sales,Female,50000,,No,Yes,4,
1034,40,Operations,,105000,9,No,Yes,2,3
1035,28,Operations,Male,40000,3,Y,Yes,1,2
1036,58,IT,M,25000,9,Y,,1,
1037,37,,F,35000,4,Y,N,3,1
1038,23,IT,Female,75000,4,,No,4,3
1039,44,,Male,85000,5,,Y,1,4
1040,33,Finance,,80000,13,,N,3,1
1041,28,HR,Male,NA,9,Yes,Y,,2
1042,45,IT,,90000,11,No,N,3,
1043,21,it,M,100000,9,N,Yes,3,1
1044,39,,F,,12,Yes,,3,4
1045,47,IT,M,,12,No,Y,2,4
1046,26,sales,Female,65000,10,No,N,3,2
1047,27,Sales,Male,25000,5,Y,,3,1
1048,54,it,,,,Y,Y,2,3
1049,33,it,,60000,7,Yes,No,2,1
1050,36,,Male,60000,7,Y,N,,4
1051,55,sales,Male,115000,10,No,No,4,2
1052,59,sales,Female,90000,8,Y,Yes,1,2
1053,23,Operations,M,70000,7,,No,1,3
1054,21,,,20000,12,Y,No,3,2
1055,25,HR,Female,55000,10,No,N,,2
1056,23,Sales,M,25000,1,Yes,Yes,3,2
1057,48,Finance,Female,85000,13,N,No,1,2
1058,37,it,,25000,13,Y,,2,2
1059,45,Finance,Male,105000,11,No,Y,4,4
1060,53,IT,Male,100000,9,N,No,,1
1061,29,IT,M,50000,11,N,Yes,2,
1062,55,Finance,F,95000,10,,No,4,2
1063,33,IT,M,50000,14,N,Y,,
1064,50,HR,F,45000,,No,Yes,,
1065,34,sales,Female,45000,0,No,N,1,4
1066,27,IT,Female,25000,9,Y,Yes,2,2
1067,33,Operations,,15000,1,Y,N,,
1068,42,IT,F,30000,1,Y,Yes,,2
1069,59,Sales,,35000,11,N,Y,4,3
1070,40,HR,Male,15000,2,N,Y,1,3
1071,35,Sales,F,85000,9,,Yes,3,3
1072,37,Sales,M,35000,6,Y,No,1,
1073,43,Operations,Male,75000,1,Yes,Y,3,3
1074,45,HR,Male,50000,13,,N,2,4
1075,44,HR,M,50000,,Yes,N,2,4
1076,,,Male,35000,0,N,,,
1077,48,HR,F,55000,,,N,2,2
1078,34,HR,,15000,13,,,,1
1079,20,HR,Male,30000,5,No,Yes,1,2
1080,44,Operations,F,25000,8,N,Yes,2,2
1081,26,IT,Female,20000,14,N,Yes,1,2
1082,28,,F,50000,2,,No,1,2
1083,43,Sales,,NA,5,N,No,2,1
1084,20,HR,F,55000,2,,,1,3
1085,27,it,M,20000,13,No,N,2,2
1086,43,IT,,80000,12,,N,2,4
1087,30,IT,Female,80000,0,N,Yes,2,
1088,36,Sales,M,30000,13,N,Y,3,
1089,27,Operations,F,40000,12,,No,1,4
1090,54,Finance,,65000,,,No,4,2
1091,54,Finance,Female,25000,11,,Yes,2,1
1092,52,IT,M,50000,4,Y,No,1,3
1093,24,sales,Female,25000,9,N,Yes,,
1094,58,sales,F,80000,13,N,,2,3
1095,,Sales,Female,75000,12,Y,N,2,1
1096,47,Finance,Male,75000,10,,Y,4,
1097,26,IT,M,20000,3,No,N,3,3
1098,28,Operations,Female,75000,6,,N,3,1
1099,27,Finance,F,105000,5,,,2,3
1100,31,IT,F,40000,9,Y,No,1,2
1101,53,IT,Female,90000,6,N,Y,,1
1102,52,HR,F,20000,4,,No,,3
1103,42,Operations,,50000,14,N,N,1,2
1104,43,HR,,95000,14,Yes,Yes,2,2
1105,56,Sales,,NA,3,N,N,,1
1106,54,HR,Male,20000,,No,No,3,4
1107,59,it,Female,60000,6,No,N,1,
1108,41,HR,Male,90000,6,,Yes,4,1
1109,46,it,F,40000,5,N,,2,2
1110,54,Finance,Male,20000,7,,No,1,2
1111,20,sales,F,20000,3,Y,N,,1
1112,54,,F,75000,9,No,No,2,4
1113,56,,M,85000,4,,,3,
1114,33,IT,,20000,3,Y,N,2,3
1115,22,,F,45000,11,,N,2,1
1116,20,it,M,25000,0,N,No,3,
1117,24,Operations,,50000,11,N,No,3,
1118,45,HR,F,NA,7,N,Yes,2,2
1119,33,it,F,80000,0,N,,3,3
1120,58,Operations,Male,NA,4,Yes,Yes,1,1
1121,46,sales,Male,,14,Y,N,3,2
1122,28,,,45000,5,Y,No,3,2
1123,34,sales,F,115000,5,N,N,2,4
1124,34,,Female,45000,12,Yes,N,1,
1125,45,HR,Male,15000,4,N,Y,4,1
1126,32,Sales,,95000,,Yes,Y,4,1
1127,51,HR,F,55000,2,N,N,,1
1128,58,Finance,F,115000,14,No,No,3,2
1129,51,it,Female,75000,4,No,N,3,4
1130,23,IT,,115000,11,,Y,1,3
1131,49,Sales,F,105000,7,N,No,4,2
1132,56,HR,Male,115000,13,Y,N,,3
1133,42,Operations,Female,105000,1,,,1,4
1134,58,Sales,,,,No,,3,
1135,34,it,Female,95000,5,N,N,4,1
1136,48,,Male,NA,8,,No,,3
1137,55,Sales,,NA,7,N,N,2,2
1138,32,,Female,60000,13,No,N,4,3
1139,51,it,M,60000,10,,Y,,
1140,26,HR,Male,30000,7,No,,1,1
1141,41,it,Male,50000,7,Yes,Y,2,3
1142,47,Sales,Male,,14,No,Y,,
1143,21,Operations,M,110000,12,N,N,,2
1144,25,sales,M,110000,6,Y,Y,3,4
1145,47,Sales,F,100000,7,No,,4,2
1146,47,it,Female,80000,12,Y,Y,3,1
1147,39,sales,F,100000,5,Yes,,2,2
1148,49,it,Female,80000,1,,Y,,2
1149,30,Operations,M,110000,1,,,3,2
1150,47,it,M,115000,7,Y,Y,4,2
1151,44,HR,F,85000,10,,Y,2,1
1152,58,IT,,,0,No,No,1,
1153,52,,F,30000,5,Y,,3,3
1154,20,,Female,75000,12,N,,2,4
1155,46,Sales,F,NA,,No,,1,3
1156,32,IT,Male,50000,5,No,Yes,3,3
1157,,it,Female,100000,,No,Y,2,4
1158,22,Operations,Female,70000,10,N,,2,1
1159,58,Sales,,NA,3,Yes,Yes,3,4
1160,25,it,M,80000,11,,No,2,1
1161,27,sales,Female,20000,10,Y,,,3
1162,46,Finance,M,100000,12,Yes,,3,1
1163,28,it,F,20000,14,Y,Yes,2,
1164,56,IT,Male,65000,10,,Y,1,4
1165,52,Sales,,55000,,N,No,1,
1166,43,IT,M,70000,12,No,,,3
1167,34,Sales,Female,95000,9,No,Y,3,4
1168,51,it,M,85000,2,N,No,2,3
1169,51,HR,Female,95000,12,Yes,N,2,
1170,43,sales,M,100000,10,Yes,N,1,3
1171,,it,Female,,2,Y,No,,4
1172,31,,F,40000,14,N,Yes,1,4
1173,58,IT,Female,95000,14,Yes,No,1,3
1174,21,Finance,Female,NA,,N,No,,4
1175,22,Finance,Male,100000,12,,Yes,3,4
1176,56,Operations,Female,50000,12,No,Yes,2,3
1177,36,Sales,Male,55000,0,No,Y,3,
1178,21,IT,,40000,2,No,Y,4,4
1179,21,Operations,Male,35000,3,N,Yes,4,4
1180,47,IT,F,70000,10,N,N,4,4
1181,42,,Male,65000,10,Y,N,,4
1182,56,Sales,,15000,4,No,No,1,3
1183,51,it,F,65000,2,Y,,3,
1184,52,it,M,105000,5,No,No,2,
1185,20,Finance,M,55000,10,Y,No,4,1
1186,38,it,Male,20000,13,Y,,3,4
1187,21,it,Male,70000,14,,Yes,4,4
1188,45,,,30000,11,Y,N,4,1
1189,51,HR,,30000,,N,No,2,
1190,25,Finance,Female,100000,4,Y,,,2
1191,51,Operations,,85000,2,No,Y,1,2
1192,23,sales,Female,105000,5,Y,No,,
1193,30,HR,F,75000,5,Yes,N,3,4
1194,36,Operations,Male,105000,14,No,Yes,,2
1195,57,Sales,F,95000,13,Yes,No,3,3
1196,43,HR,,40000,7,No,No,3,3
1197,24,,F,90000,1,N,,1,1
1198,53,Operations,F,70000,0,N,Y,2,
1199,25,Sales,F,105000,,N,Y,1,
1200,41,Finance,,35000,3,Yes,Yes,,2
1201,30,sales,F,95000,,,N,3,4
1202,35,Sales,Female,NA,6,No,Yes,4,
1203,52,it,,15000,14,N,No,4,2
1204,28,IT,F,NA,,No,No,3,2
1205,25,Sales,,60000,10,Yes,Y,1,
1206,35,Sales,M,85000,9,,N,2,2
1207,48,sales,Female,NA,2,Yes,,1,1
1208,22,IT,F,115000,2,No,N,3,1
1209,39,it,M,115000,,,No,3,
1210,55,Operations,M,65000,4,,,2,4
1211,38,Operations,,75000,4,Yes,N,,1
1212,45,Sales,M,35000,12,N,N,,1
1213,22,,Female,15000,9,No,,2,
1214,38,,Female,70000,2,Y,No,,3
1215,39,IT,Male,65000,8,Y,N,4,2
1216,51,IT,Female,95000,3,Yes,,,1
1217,26,it,M,30000,12,No,No,,3
1218,,sales,Female,85000,12,No,,,4
1219,52,Finance,,55000,14,Yes,,4,3
1220,59,Operations,Male,115000,2,No,N,,
1221,58,sales,M,110000,10,N,No,4,4
1222,37,HR,Male,105000,1,Yes,N,2,4
1223,59,Operations,M,105000,9,N,Yes,1,3
1224,20,sales,,70000,12,No,Yes,2,
1225,30,Operations,Male,35000,10,Yes,No,1,1
1226,47,Finance,F,60000,8,No,,2,3
1227,44,HR,M,95000,3,Yes,N,1,1
1228,42,,F,35000,,No,N,1,3
1229,50,,Male,,2,N,No,3,1
1230,49,Finance,F,90000,6,N,No,1,3
1231,54,it,F,45000,7,No,Yes,1,4
1232,26,HR,Male,55000,10,Yes,Y,3,2
1233,35,Sales,,25000,13,Y,No,,4
1234,45,sales,F,85000,1,N,Y,,1
1235,21,HR,F,90000,6,N,No,3,
1236,20,it,,100000,11,Y,,4,4
1237,31,it,F,80000,4,No,,1,2
1238,24,Finance,F,25000,14,Yes,Yes,1,1
1239,56,Operations,F,70000,10,No,Yes,3,4
1240,51,HR,Female,55000,4,,Y,3,3
1241,28,sales,,45000,2,N,No,4,
1242,,HR,F,55000,4,,N,,1
1243,54,IT,,75000,11,N,Yes,2,4
1244,38,Operations,M,100000,1,N,N,,1
1245,35,sales,M,35000,3,,N,1,3
1246,22,,F,75000,5,,No,3,2
1247,39,sales,,30000,0,No,Y,4,4
1248,43,Sales,,20000,9,,No,,1
1249,52,Finance,,90000,3,No,Yes,4,1
1250,43,Sales,Female,55000,5,No,N,,1
1251,30,sales,M,55000,8,No,No,1,2
1252,27,Operations,,40000,13,N,No,2,1
1253,55,HR,,65000,10,N,No,4,
1254,57,,Female,,,,Yes,4,
1255,59,HR,Female,,10,N,Y,2,1
1256,39,Operations,,15000,12,,No,4,
1257,54,sales,Male,30000,1,N,Yes,4,4
1258,44,it,,75000,10,Yes,N,,
1259,54,HR,,NA,6,Yes,,,1
1260,44,it,Female,75000,5,,Yes,2,3
1261,48,HR,Female,75000,1,N,,1,4
1262,37,HR,,20000,7,N,No,4,2
1263,37,,,55000,6,No,No,1,1
1264,21,Finance,,50000,10,Y,Yes,2,2
1265,54,Finance,Female,45000,4,,,2,3
1266,35,IT,,30000,11,Y,No,,2
1267,,Sales,,100000,4,Y,N,4,1
1268,55,Operations,F,25000,6,,Y,3,1
1269,52,Operations,Male,40000,8,N,Y,2,3
1270,23,Operations,M,70000,10,,No,4,1
1271,52,IT,Male,70000,14,Y,,1,3
1272,33,Finance,F,115000,8,N,No,,3
1273,40,sales,M,50000,8,Yes,,1,1
1274,39,it,,,5,,N,2,
1275,27,,F,,9,,,2,3
1276,26,it,,15000,5,N,No,1,1
1277,22,sales,Female,30000,2,Yes,N,2,
1278,36,,F,115000,0,Yes,Yes,4,3
1279,52,IT,Female,65000,,N,Y,2,
1280,31,sales,F,25000,6,No,No,,4
1281,41,Operations,F,75000,3,,No,4,4
1282,41,Sales,Female,95000,0,,No,3,
1283,49,HR,M,,14,Y,N,2,3
1284,57,it,Male,,7,N,Yes,2,1
1285,57,Finance,,60000,11,Y,,,2
1286,27,Finance,F,115000,5,Y,Yes,,1
1287,46,IT,,70000,5,Yes,N,1,2
1288,46,,Female,85000,1,,No,1,2
1289,53,Finance,,115000,14,Y,Y,1,3
1290,40,Operations,Female,60000,0,Yes,No,,
1291,49,it,,80000,12,N,,1,1
1292,52,sales,Male,75000,13,Y,Y,1,
1293,47,Operations,Male,35000,13,,No,3,4
1294,52,IT,Male,40000,1,Y,Y,1,3
1295,24,Operations,Male,20000,3,N,Yes,2,3
1296,38,sales,Male,,1,Y,N,,4
1297,23,Sales,Male,95000,,,No,4,1
1298,54,IT,Female,30000,0,Yes,,3,4
1299,36,Sales,F,80000,6,,Yes,,1
1300,47,HR,,60000,10,Yes,No,,2
1301,49,Sales,Male,25000,10,No,Yes,2,3
1302,48,HR,Female,25000,14,,,1,1
1303,25,HR,Female,85000,11,,No,2,
1304,54,Sales,Female,40000,7,N,,1,
1305,,IT,F,95000,5,Y,Y,1,3
1306,56,,,70000,3,Yes,,,4
1307,43,sales,F,,13,Yes,Y,1,4
1308,48,Operations,M,110000,5,N,No,3,1
1309,50,Operations,Female,65000,2,N,Y,3,4
1310,54,sales,M,30000,11,Y,No,3,3
1311,52,it,Male,40000,7,Y,No,,1
1312,40,it,Male,15000,9,,N,2,2
1313,51,HR,F,110000,13,No,No,4,4
1314,42,HR,,NA,12,Y,Y,1,4
1315,52,IT,M,90000,12,N,N,4,1
1316,22,Finance,,85000,1,Y,N,2,
1317,37,Sales,F,95000,4,Yes,No,2,4
1318,44,HR,Male,50000,0,No,,,3
1319,50,Operations,,70000,5,,,3,4
1320,22,IT,,,1,Yes,N,3,2
1321,59,Sales,Male,115000,3,Yes,No,2,4
1322,43,IT,M,60000,5,No,,,
1323,51,Sales,Male,85000,9,,No,,4
1324,41,Sales,,55000,10,N,No,1,1
1325,42,sales,M,20000,7,,N,3,4
1326,21,HR,M,35000,11,Y,N,2,
1327,46,,Male,40000,7,Yes,Yes,4,1
1328,21,IT,,45000,10,Y,,3,3
1329,45,,F,115000,5,N,,1,1
1330,36,IT,,15000,3,Y,,,2
1331,59,sales,Female,NA,7,,Y,2,1
1332,52,Operations,F,45000,12,Y,No,3,3
1333,28,,M,110000,7,N,N,4,4
1334,58,Operations,F,70000,9,N,,1,1
1335,48,it,M,90000,13,N,Yes,1,1
1336,45,HR,M,90000,0,,,3,1
1337,54,HR,F,65000,,N,No,4,1
1338,44,Finance,M,115000,3,Yes,No,1,3
1339,43,sales,M,30000,3,N,N,2,
1340,32,Operations,Female,75000,6,Y,Y,1,
1341,26,Sales,,45000,,Y,N,4,1
1342,55,IT,,30000,13,Y,,,3
1343,39,HR,Female,85000,13,,Yes,,3
1344,20,,F,105000,10,Y,N,3,1
1345,27,IT,Male,55000,6,,Y,4,2
1346,35,IT,Male,65000,,,N,1,1
1347,33,Finance,Male,50000,12,N,No,1,2
1348,31,Operations,Female,15000,10,Yes,,,1
1349,42,HR,Female,NA,14,N,,,2
1350,34,IT,M,50000,7,N,,2,2
1351,47,HR,Male,75000,,,,,1
1352,53,Sales,F,,10,,,2,2
1353,21,Finance,F,30000,4,Y,,1,4
1354,51,Sales,Male,50000,6,Y,Yes,2,
1355,42,HR,Male,25000,7,N,Y,2,3
1356,41,it,Male,55000,,No,,3,2
1357,44,,Female,20000,14,No,Y,,2
1358,41,HR,Female,20000,8,Y,,2,3
1359,41,Operations,Female,75000,2,No,N,1,2
1360,25,IT,,85000,2,Y,,4,3
1361,34,IT,F,NA,3,,No,2,1
1362,56,Sales,F,70000,4,N,Yes,,4
1363,52,,M,30000,9,Yes,N,3,4
1364,27,Finance,Female,50000,0,N,N,1,
1365,24,it,,55000,14,Y,No,3,2
1366,58,sales,,NA,14,Y,,4,
1367,23,,F,35000,6,N,Yes,2,1
1368,25,IT,Female,110000,8,Y,N,2,4
1369,51,Operations,M,100000,7,No,Yes,,1
1370,49,,Female,65000,14,No,N,2,1
1371,54,Sales,Male,85000,14,Y,,1,2
1372,59,Sales,Female,,4,Y,N,4,1
1373,35,sales,Male,55000,13,No,N,3,4
1374,32,Operations,Male,95000,13,Y,Y,4,
1375,49,Finance,M,70000,3,Y,,2,4
1376,38,,F,45000,11,N,No,3,2
1377,36,Operations,Female,60000,6,Yes,No,,4
1378,38,Finance,Male,60000,4,No,,4,3
1379,47,Operations,Female,75000,6,N,No,3,
1380,45,Operations,F,105000,11,Yes,,3,3
1381,56,HR,F,65000,0,Y,No,3,3
1382,45,Sales,,75000,0,Y,Y,1,2
1383,42,,F,115000,,N,No,4,1
1384,28,Operations,M,50000,9,Y,N,3,3
1385,31,,Male,50000,13,,,4,4
1386,20,sales,,30000,12,N,Yes,3,1
1387,20,Operations,M,85000,2,Yes,Yes,,4
1388,53,IT,Female,65000,13,N,,,4
1389,51,Sales,Male,65000,10,No,Y,,1
1390,44,IT,F,15000,1,N,No,2,1
1391,59,,Male,95000,1,Y,Y,3,4
1392,20,,Female,85000,6,Y,Yes,2,2
1393,35,Sales,,110000,11,,,4,
1394,58,,,40000,9,,,2,
1395,24,IT,,,1,,Y,4,2
1396,41,Operations,F,85000,10,Yes,Y,4,1
1397,48,Operations,M,55000,3,,No,4,4
1398,22,HR,M,80000,1,Yes,N,2,
1399,31,sales,Male,100000,5,,N,3,4
1400,45,,F,95000,7,Yes,No,2,2
1401,35,IT,,100000,9,N,N,3,4
1402,56,,,35000,,N,Yes,3,2
1403,41,,Female,110000,3,Y,N,4,1
1404,48,Finance,Female,110000,14,Yes,No,2,2
1405,33,HR,,55000,4,No,N,3,2
1406,47,IT,,65000,3,Y,,,
1407,24,IT,F,,2,N,Y,3,4
1408,49,,M,15000,4,Yes,Yes,,
1409,24,HR,Female,100000,13,,,2,3
1410,31,Operations,M,40000,8,No,,2,2
1411,35,IT,F,20000,7,N,No,2,3
1412,45,Operations,,85000,7,Y,Y,3,
1413,45,HR,M,115000,7,Yes,Y,1,4
1414,40,Operations,,80000,11,No,Yes,3,
1415,58,Sales,,35000,7,Yes,No,3,4
1416,55,Finance,Male,40000,6,,Yes,4,4
1417,52,it,M,40000,7,Y,N,4,1
1418,49,IT,M,,10,Yes,,3,2
1419,56,sales,,100000,13,N,Yes,,
1420,42,Finance,F,80000,,Y,,4,4
1421,29,it,Male,60000,7,N,No,3,
1422,24,Operations,,80000,12,Yes,N,1,
1423,55,IT,Female,75000,13,Y,No,,4
1424,53,Operations,Female,25000,7,N,N,2,3
1425,50,Sales,Male,40000,11,,N,3,2
1426,29,HR,F,50000,9,,,3,2
1427,38,IT,,70000,6,Yes,No,,1
1428,51,it,M,75000,11,Y,No,4,1
1429,20,it,Male,65000,0,No,Yes,4,1
1430,24,Sales,F,70000,3,Y,No,4,2
1431,23,Sales,M,15000,12,,Yes,2,3
1432,35,,Female,95000,12,N,Y,,2
1433,43,IT,Female,90000,,No,Y,,2
1434,35,Operations,M,65000,3,Yes,Y,4,2
1435,21,sales,Male,75000,4,No,No,4,2
1436,47,it,Female,100000,9,Yes,No,1,3
1437,51,it,,65000,5,No,Yes,1,1
1438,46,Sales,M,70000,3,Yes,N,3,
1439,39,Finance,M,40000,14,Yes,Yes,3,1
1440,43,Sales,Female,55000,1,No,Y,,1
1441,31,sales,Male,90000,,No,Yes,,
1442,54,Operations,,30000,5,Yes,N,2,2
1443,52,Operations,Male,25000,14,,No,2,3
1444,52,Finance,F,90000,7,No,Yes,1,3
1445,56,it,F,70000,14,Y,Y,3,1
1446,31,Sales,Female,65000,7,N,Y,1,
1447,22,,Female,35000,6,Yes,No,1,4
1448,20,Operations,Female,100000,5,Yes,Yes,3,2
1449,52,sales,F,105000,1,N,N,2,1
1450,59,IT,Male,NA,14,,No,3,3
1451,29,HR,Male,NA,6,N,Yes,4,
1452,48,HR,Female,40000,10,No,,4,
1453,32,HR,,,11,N,Y,4,1
1454,31,,Male,100000,13,Yes,N,,4
1455,50,it,F,40000,,N,N,2,3
1456,21,Sales,M,30000,13,Y,N,2,1
1457,54,Finance,M,70000,4,No,Y,,4
1458,42,,M,105000,,N,Yes,1,
1459,36,,,20000,5,Yes,No,4,2
1460,45,Operations,Female,95000,9,No,Yes,4,3
1461,27,IT,F,65000,7,Yes,No,1,3
1462,48,,,65000,,,N,3,4
1463,45,sales,F,115000,13,Y,Yes,3,1
1464,29,IT,F,90000,7,,N,2,
1465,45,sales,Female,20000,2,Y,,,4
1466,53,it,M,20000,11,N,N,2,2
1467,,Sales,Female,NA,,No,N,3,2
1468,26,HR,,50000,11,N,No,1,2
1469,23,,,75000,13,Y,,2,4
1470,30,Sales,,60000,6,Y,N,4,
1471,48,it,Female,50000,0,Y,N,4,3
1472,55,Finance,F,30000,0,Yes,,1,1
1473,44,Finance,F,85000,6,No,,3,3
1474,40,it,Male,15000,14,N,Yes,4,
1475,55,sales,,65000,14,N,No,4,3
1476,29,Operations,F,45000,9,,,,4
1477,56,Operations,Male,95000,8,Y,,2,2
1478,28,sales,F,110000,6,Y,Y,3,
1479,43,Finance,,100000,9,Y,,2,
1480,54,Finance,M,,4,N,No,3,3
1481,54,,,,7,,N,4,4
1482,55,Finance,Female,70000,1,Yes,N,,3
1483,37,Sales,F,55000,8,No,N,2,3
1484,58,Finance,F,35000,5,Yes,N,4,
1485,51,IT,Female,60000,12,N,Y,3,3
1486,43,,Female,30000,8,Y,,2,2
1487,42,HR,M,35000,,No,N,2,3
1488,51,Finance,F,60000,1,N,Yes,4,2
1489,56,sales,F,65000,2,N,N,2,
1490,31,HR,M,115000,11,N,,,4
1491,32,Sales,Male,60000,7,No,N,,2
1492,42,sales,M,50000,0,No,Y,4,4
1493,44,HR,,20000,14,,No,3,4
1494,54,sales,F,NA,9,,No,4,2
1495,,Sales,Female,50000,14,Yes,,,
1496,49,,,90000,14,No,No,1,1
1497,36,IT,F,,14,No,No,1,4
1498,39,Sales,M,35000,6,No,Yes,2,4
1499,44,Sales,,25000,6,,,2,
1500,41,sales,F,70000,12,N,,1,
1501,32,,Male,75000,0,Y,No,,3
1502,38,it,Male,75000,,,No,2,
1503,55,Operations,Female,60000,8,No,No,4,4
1504,31,Finance,F,30000,7,,Y,4,2
1505,,Finance,Male,55000,3,Yes,N,,1
1506,38,IT,M,,9,No,Y,2,3
1507,31,IT,F,NA,10,Yes,,4,2
1508,28,Finance,M,20000,4,No,Yes,2,1
1509,26,Operations,M,105000,1,,N,2,1
1510,47,Finance,Male,15000,12,N,Yes,4,1
1511,33,it,F,45000,,Y,,1,2
1512,50,Operations,,95000,8,Yes,,4,3
1513,38,IT,Male,25000,14,,Yes,,3
1514,35,HR,Male,110000,11,N,Yes,3,1
1515,24,sales,F,110000,11,,Yes,4,2
1516,54,it,F,115000,5,Yes,,2,1
1517,31,it,M,25000,2,Y,No,2,
1518,44,,F,25000,11,,Yes,4,3
1519,40,IT,M,95000,6,No,N,3,4
1520,55,IT,Male,45000,8,N,,4,1
1521,42,Sales,Female,80000,2,,Y,3,
1522,35,it,,95000,,N,Y,3,3
1523,58,Sales,Male,100000,1,No,N,,2
1524,58,Sales,F,75000,,Y,No,2,3
1525,33,sales,,110000,6,Y,Yes,2,2
1526,50,Sales,Female,110000,6,No,,3,2
1527,24,Operations,Female,115000,3,N,Yes,2,1
1528,54,Finance,M,100000,10,,,1,1
1529,42,HR,,30000,8,No,Y,3,3
1530,48,IT,M,15000,,Yes,Yes,2,
1531,30,Operations,Male,100000,13,N,N,1,3
1532,37,HR,,15000,7,Y,No,,4
1533,31,it,Male,75000,12,No,N,2,2
1534,28,it,M,110000,12,Y,No,1,2
1535,29,it,,110000,0,N,Yes,4,1
1536,36,Operations,M,NA,0,Y,Yes,4,
1537,57,Operations,,60000,4,No,No,1,1
1538,26,IT,M,65000,5,N,Y,3,4
1539,32,Finance,Female,55000,2,Yes,,3,3
1540,59,,M,55000,12,No,N,2,3
1541,28,Sales,Female,35000,8,,N,4,
1542,46,it,M,15000,11,No,N,3,1
1543,21,sales,,95000,9,N,Yes,3,1
1544,24,Finance,,,13,No,N,4,4
1545,48,sales,,20000,14,Yes,,,3
1546,56,IT,F,75000,5,Yes,,3,1
1547,57,IT,Male,55000,3,,No,1,
1548,38,IT,,30000,11,Y,Yes,2,3
1549,27,HR,Female,35000,6,N,,3,4
1550,20,sales,,65000,7,N,Y,3,
1551,41,Finance,F,105000,8,Y,Yes,,2
1552,36,,Female,115000,12,Yes,Yes,1,4
1553,26,Finance,F,25000,,Yes,,2,
1554,44,Operations,Female,70000,10,No,Y,3,1
1555,23,Operations,M,105000,5,,No,2,2
1556,55,it,Male,105000,14,,,4,4
1557,25,,Male,75000,5,,Y,3,1
1558,50,Operations,F,45000,7,No,Yes,3,2
1559,38,IT,Male,85000,11,,Y,4,3
1560,58,Finance,F,NA,4,Y,Yes,,1
1561,46,sales,F,45000,13,No,,3,
1562,29,IT,F,50000,2,Y,,2,4
1563,45,HR,Male,35000,11,No,N,1,2
1564,38,Operations,F,115000,2,,N,2,1
1565,58,IT,Male,80000,12,Y,N,,3
1566,22,IT,F,30000,5,Y,,1,4
1567,32,HR,,NA,1,Y,No,2,4
1568,47,Sales,F,60000,,No,,2,1
1569,39,Finance,Female,110000,5,N,Y,4,3
1570,47,sales,F,85000,,,,,2
1571,27,it,M,100000,12,Y,,4,1
1572,,Sales,F,110000,5,N,Yes,1,2
1573,58,Operations,Female,75000,7,,Yes,4,4
1574,20,IT,Female,50000,6,,Yes,,2
1575,22,,Male,55000,7,Y,,3,3
1576,32,HR,,90000,13,Y,No,3,
1577,47,HR,F,105000,8,No,Y,1,3
1578,44,,Male,90000,5,N,Y,3,2
1579,52,Finance,,45000,13,N,No,4,1
1580,57,Sales,F,80000,,Y,No,1,4
1581,25,it,M,80000,2,,Y,,
1582,51,Finance,F,30000,9,Y,N,1,1
1583,40,,Female,85000,2,,Yes,1,1
1584,35,IT,Female,25000,,,Yes,2,3
1585,40,,M,35000,10,Y,Y,2,2
1586,30,Finance,Male,15000,11,Yes,No,1,3
1587,56,sales,,25000,0,N,N,3,2
1588,55,HR,F,85000,10,,Y,2,3
1589,54,HR,Female,50000,14,,Yes,,1
1590,38,Operations,Male,30000,12,Yes,,4,4
1591,39,Operations,M,20000,14,No,No,2,2
1592,37,,Female,60000,4,Yes,,1,
1593,,it,M,30000,13,Yes,Y,3,
1594,33,IT,F,25000,3,,Yes,4,1
1595,34,sales,,20000,8,N,N,2,3
1596,50,Sales,Female,95000,14,Yes,,3,3
1597,20,Finance,Female,NA,8,No,N,3,1
1598,22,it,F,115000,14,Y,Yes,3,
1599,35,IT,Male,110000,13,Yes,,1,
1600,42,Operations,,NA,4,Yes,N,,3
1601,30,,Female,75000,9,No,N,3,2
1602,31,Finance,,35000,3,N,,4,4
1603,29,Operations,Female,115000,6,Yes,Yes,2,2
1604,51,,,55000,14,Yes,N,4,
1605,35,Finance,M,,5,N,Y,1,2
1606,27,Sales,Female,40000,3,No,,1,4
1607,57,IT,,35000,12,Yes,No,4,2
1608,31,Finance,Male,60000,12,N,No,,2
1609,43,sales,M,50000,14,Yes,Yes,1,2
1610,47,it,M,45000,9,Y,Y,1,2
1611,27,HR,Male,45000,1,,N,4,1
1612,47,sales,,40000,0,Y,No,1,
1613,55,sales,F,115000,3,Yes,Yes,,4
1614,45,it,Male,110000,3,No,Y,,
1615,27,HR,,25000,12,,Y,,1
1616,47,sales,Male,105000,0,Y,Yes,2,1
1617,47,Finance,Male,,5,N,Yes,,1
1618,56,Finance,Female,85000,3,No,N,,1
1619,,Finance,,30000,0,Y,Yes,2,2
1620,55,HR,F,70000,0,N,N,3,
1621,46,sales,Female,40000,14,Yes,N,1,3
1622,36,,Male,105000,12,N,,,4
1623,28,HR,Male,30000,0,Y,Y,1,1
1624,52,Finance,Male,85000,7,Y,Y,4,
1625,39,it,,55000,9,Yes,Y,1,1
1626,32,sales,,35000,7,N,,2,1
1627,47,sales,Female,75000,1,N,N,1,1
1628,48,Operations,F,NA,10,Yes,N,1,1
1629,32,Operations,Female,100000,12,N,Yes,1,1
1630,54,Sales,M,35000,6,Yes,,3,4
1631,25,,Male,90000,13,No,Yes,3,
1632,37,,Male,105000,7,Y,,4,1
1633,24,IT,Male,80000,7,No,Yes,2,1
1634,44,,Female,90000,10,,No,1,1
1635,21,Operations,Female,85000,9,,Y,1,1
1636,29,HR,Male,,14,,Y,1,2
1637,49,,Female,30000,10,Yes,N,1,2
1638,24,Operations,,45000,12,N,No,3,3
1639,52,Sales,,90000,6,No,Y,4,1
1640,20,sales,Female,,4,No,N,,3
1641,37,,Male,115000,0,No,No,2,4
1642,51,Sales,Female,,11,No,Y,1,3
1643,30,sales,Female,115000,8,,Yes,4,
1644,40,it,Female,50000,12,No,,,2
1645,45,it,M,95000,,N,No,4,2
1646,44,sales,,90000,6,,N,3,1
1647,41,,F,NA,1,No,No,,1
1648,46,IT,F,60000,5,Yes,N,4,4
1649,32,Operations,M,60000,1,Y,No,3,4
1650,52,HR,Female,20000,14,Y,N,4,
1651,53,HR,M,55000,0,Y,Y,4,1
1652,,Finance,M,95000,13,,Yes,,1
1653,54,sales,Male,65000,6,No,Y,3,4
1654,20,HR,,60000,12,,Yes,1,4
1655,40,,F,,,N,Y,2,4
1656,25,IT,Female,95000,1,Yes,Y,,2
1657,47,sales,F,30000,12,Yes,No,3,3
1658,36,IT,F,90000,13,Y,,4,3
1659,24,,,110000,13,Y,N,3,1
1660,50,HR,F,85000,1,Y,N,2,2
1661,24,HR,F,115000,12,No,N,2,4
1662,57,Finance,M,35000,10,N,Yes,1,1
1663,22,HR,,40000,4,N,N,1,2
1664,42,sales,Male,95000,13,N,N,2,
1665,56,,Female,15000,4,N,No,,2
1666,56,it,F,105000,,Y,Y,,1
1667,29,,Female,30000,6,Yes,N,4,3
1668,29,sales,Male,95000,0,Y,,1,4
1669,38,sales,Female,55000,7,N,N,4,
1670,36,Finance,Male,20000,2,Y,Yes,1,2
1671,40,Finance,M,50000,3,N,Yes,2,1
1672,33,HR,F,85000,14,,Yes,,1
1673,28,Sales,Male,45000,8,Yes,N,,4
1674,20,,Female,40000,3,,No,2,1
1675,32,,F,15000,9,No,,4,1
1676,23,Sales,M,85000,11,Y,N,4,4
1677,20,Finance,F,NA,14,No,No,3,
1678,59,HR,Male,45000,4,Y,No,1,3
1679,51,Sales,M,95000,6,,N,4,3
1680,53,HR,Female,20000,,N,N,2,2
1681,47,HR,M,55000,3,N,No,4,
1682,50,HR,M,55000,13,Y,No,,2
1683,27,Operations,,75000,0,N,No,1,3
1684,58,sales,M,40000,8,,N,3,4
1685,45,HR,M,40000,3,N,No,1,1
1686,53,Operations,F,110000,8,,Yes,,3
1687,22,Finance,Female,110000,5,No,N,,
1688,31,Sales,F,115000,14,,Yes,,3
1689,20,sales,F,25000,0,Yes,Y,,
1690,24,it,Male,95000,11,Yes,N,2,
1691,49,Sales,F,95000,2,Yes,Y,3,
1692,49,sales,,70000,10,Y,No,,2
1693,36,it,,90000,1,Y,No,,4
1694,42,Sales,Male,85000,,Y,,4,3
1695,34,sales,Female,75000,8,,No,3,4
1696,56,Sales,Female,NA,,Y,Y,1,1
1697,40,Sales,F,15000,14,No,No,3,3
1698,33,it,F,95000,11,Yes,N,3,4
1699,21,Sales,F,25000,0,,No,3,4
1700,30,Sales,Female,85000,12,Yes,,,1
1701,58,it,M,30000,13,Y,No,,
1702,57,Finance,,30000,8,,Y,2,3
1703,53,HR,M,100000,8,N,Y,1,3
1704,57,,M,95000,7,No,No,4,1
1705,53,IT,Female,105000,7,Y,Y,3,
1706,37,Operations,M,65000,10,Y,Y,1,3
1707,49,IT,Male,110000,13,No,,1,3
1708,34,IT,F,25000,11,No,N,2,3
1709,46,sales,Male,50000,0,N,,4,
1710,53,HR,,80000,10,Y,Yes,3,1
1711,57,sales,F,15000,7,Y,,4,3
1712,52,HR,M,80000,9,Yes,No,2,4
1713,43,it,,20000,13,,N,,
1714,34,it,F,NA,2,,No,1,2
1715,49,,M,30000,10,Yes,Yes,3,1
1716,36,HR,Male,105000,6,,N,,4
1717,24,Sales,F,40000,10,No,Y,2,3
1718,48,Finance,M,15000,14,,,4,2
1719,23,,Male,95000,0,,No,1,1
1720,29,,,50000,0,Yes,Yes,3,
1721,36,Sales,,105000,,N,Y,,2
1722,29,Finance,,115000,9,,,,2
1723,36,sales,,15000,12,,Y,1,4
1724,39,Finance,Female,35000,4,N,,4,1
1725,43,sales,F,90000,4,Yes,N,2,4
1726,24,it,F,40000,7,N,Y,4,4
1727,53,IT,Female,50000,6,Yes,Y,4,3
1728,25,it,M,75000,7,No,Y,4,
1729,21,it,M,90000,5,Yes,N,1,2
1730,32,IT,,25000,5,No,Yes,1,1
1731,30,Finance,Male,105000,1,No,,2,
1732,42,,M,70000,5,Yes,Y,4,
1733,35,Finance,Male,90000,4,Y,N,1,1
1734,50,sales,F,65000,12,Yes,Yes,2,
1735,30,Sales,Male,60000,,,,2,3
1736,35,sales,F,110000,2,,N,4,
1737,27,Sales,Female,30000,5,Y,,3,3
1738,23,it,Female,70000,7,No,Y,4,2
1739,59,IT,,NA,8,Y,Yes,3,2
1740,23,it,M,20000,0,,N,2,4
1741,44,HR,,,2,Y,Yes,1,3
1742,22,Finance,F,105000,2,Yes,Y,,2
1743,51,Sales,,35000,10,Y,Yes,2,
1744,22,sales,Male,50000,7,No,Yes,1,1
1745,46,IT,F,45000,0,Yes,No,2,1
1746,48,Sales,Female,80000,4,N,Yes,4,3
1747,51,sales,M,NA,2,,,3,4
1748,38,Finance,F,25000,1,,N,2,
1749,40,it,F,100000,14,Y,No,1,3
1750,24,Finance,Male,90000,7,Yes,N,4,1
1751,37,Operations,M,NA,2,N,N,,3
1752,47,HR,Female,105000,6,Yes,Y,4,
1753,41,Operations,F,105000,11,,Y,3,2
1754,40,IT,F,100000,10,Yes,No,4,
1755,25,Sales,Male,110000,0,N,Y,,2
1756,20,IT,,90000,5,Y,Y,1,2
1757,24,it,Female,50000,2,No,Y,2,2
1758,,sales,M,15000,7,Yes,N,3,3
1759,31,Finance,F,95000,5,No,No,,1
1760,45,Operations,F,70000,11,,N,3,3
1761,53,,Female,115000,1,Y,,4,1
1762,33,Operations,,65000,5,Y,N,3,
1763,45,it,F,35000,6,Yes,,,4
1764,46,Operations,Female,70000,4,Y,Yes,2,
1765,28,it,Male,95000,2,Yes,Yes,2,3
1766,45,,,40000,3,Yes,,3,3
1767,41,IT,M,15000,3,No,,1,1
1768,49,Finance,F,35000,5,Y,N,3,3
1769,36,Sales,Female,80000,9,Yes,,4,2
1770,45,sales,Male,35000,0,No,No,2,3
1771,55,Sales,M,,10,N,Yes,2,1
1772,20,IT,Female,15000,3,No,Yes,2,1
1773,27,sales,Female,100000,9,No,,1,2
1774,54,Operations,M,90000,12,Yes,Y,1,1
1775,34,,Male,55000,3,,Y,,4
1776,41,,Male,105000,9,,,3,
1777,33,HR,,,,,No,3,3
1778,45,IT,F,35000,0,No,Y,4,4
1779,47,IT,M,20000,8,Yes,,2,3
1780,42,Finance,M,85000,3,Y,No,1,4
1781,33,Sales,M,45000,6,No,No,4,3
1782,43,IT,Male,30000,11,No,N,4,2
1783,21,IT,F,15000,13,Yes,No,1,1
1784,45,Operations,,75000,2,N,Y,3,1
1785,33,Operations,Female,110000,9,No,Y,2,2
1786,26,sales,Female,,11,N,,3,4
1787,22,it,M,45000,2,N,,4,
1788,42,it,F,85000,13,,No,2,4
1789,37,HR,Male,NA,7,Yes,Yes,,1
1790,57,it,F,80000,7,N,N,4,
1791,54,Finance,F,NA,10,Yes,Yes,3,3
1792,34,HR,Male,105000,11,,No,3,
1793,44,sales,M,,0,Yes,No,3,4
1794,56,Operations,F,110000,9,No,Yes,1,2
1795,47,it,Female,100000,1,N,N,4,3
1796,29,Sales,Male,60000,,Yes,Yes,2,4
1797,58,Operations,,55000,7,Y,,3,3
1798,36,,M,50000,0,Yes,Y,3,
1799,58,Finance,Male,60000,14,N,,1,1
1800,41,Operations,,95000,11,,Y,2,4
1801,45,Finance,,20000,7,,No,4,2
1802,44,Finance,F,40000,7,N,N,,
1803,36,Finance,F,35000,,No,Yes,1,4
1804,32,sales,F,55000,1,No,N,4,2
1805,39,Finance,Male,35000,3,,Yes,,4
1806,44,Finance,Male,100000,5,,,3,
1807,23,,M,110000,11,N,,3,4
1808,29,Sales,F,55000,10,No,Yes,2,3
1809,22,HR,,95000,8,,N,,
1810,,IT,Female,95000,14,No,Yes,3,4
1811,37,,M,70000,,,No,3,1
1812,55,HR,Male,45000,7,Yes,,2,4
1813,41,Finance,M,25000,11,Y,No,4,3
1814,53,Sales,M,60000,14,Yes,,3,2
1815,27,Operations,M,20000,7,,,1,2
1816,59,Sales,M,25000,6,Y,Y,1,2
1817,38,,Female,90000,13,Y,No,4,1
1818,,Finance,F,20000,12,,No,,3
1819,56,Sales,,60000,8,,Y,2,
1820,25,it,M,40000,14,No,N,1,2
1821,45,Sales,M,,1,,No,1,3
1822,53,Finance,M,65000,2,N,Yes,4,4
1823,25,sales,F,NA,9,,Y,,1
1824,56,it,Male,45000,7,N,No,,3
1825,52,Sales,Male,85000,13,,N,4,3
1826,41,IT,Female,40000,5,No,No,1,
1827,40,IT,Male,110000,9,N,,2,3
1828,25,Sales,M,55000,8,Yes,Yes,1,
1829,25,sales,M,,9,N,Y,,1
1830,23,Operations,M,110000,3,No,,1,1
1831,49,Finance,Female,70000,,N,N,2,4
1832,30,IT,M,105000,7,,,3,
1833,49,Operations,Male,110000,9,,,1,
1834,50,Sales,F,25000,2,No,N,4,2
1835,43,,F,85000,2,Y,,3,2
1836,28,Operations,,20000,7,,Y,4,4
1837,22,it,Male,115000,4,Yes,No,4,1
1838,50,HR,M,20000,2,No,,4,2
1839,59,IT,F,,9,N,Y,1,3
1840,56,Sales,Male,25000,10,N,No,,1
1841,55,,F,40000,,Yes,No,3,3
1842,43,Finance,M,85000,0,,,2,
1843,50,,F,60000,14,No,Y,,1
1844,25,sales,,55000,2,Yes,,1,4
1845,21,it,,15000,11,,N,4,
1846,39,Sales,F,90000,8,No,No,2,
1847,47,Finance,Male,40000,4,N,,3,3
1848,30,sales,Male,55000,11,No,No,,
1849,23,sales,Male,30000,9,Y,Y,,2
1850,34,Sales,F,20000,14,No,Yes,2,1
1851,25,it,Male,30000,1,Y,,1,2
1852,49,Operations,M,15000,6,No,,3,3
1853,57,Operations,,105000,14,Y,No,2,3
1854,21,sales,M,60000,1,N,Y,4,1
1855,34,Operations,Male,115000,3,,N,3,
1856,30,HR,M,85000,11,Y,Y,,4
1857,27,sales,Male,,6,Y,,2,3
1858,45,sales,F,105000,3,N,N,,1
1859,24,Finance,M,90000,6,Y,Y,,4
1860,25,Operations,F,115000,,Yes,Yes,,
1861,45,it,F,,6,N,No,1,3
1862,23,sales,Female,30000,,Yes,Y,,1
1863,38,,Male,20000,0,N,Y,4,1
1864,39,it,,75000,5,Y,Yes,4,1
1865,52,HR,Male,15000,8,Yes,,3,3
1866,39,Finance,,95000,1,Y,No,,4
1867,31,Sales,Male,75000,13,N,Y,,1
1868,20,it,F,30000,2,Y,N,2,
1869,45,sales,M,45000,9,Yes,Y,1,1
1870,33,HR,M,95000,4,Yes,No,3,4
1871,57,IT,Female,55000,8,Y,Y,,3
1872,56,HR,,30000,3,No,Yes,2,1
1873,30,HR,,105000,0,N,Y,1,1
1874,55,Finance,,15000,3,N,Y,3,
1875,32,Sales,F,60000,5,Y,N,3,
1876,22,IT,,30000,4,No,Yes,,1
1877,52,Operations,M,55000,13,Yes,Yes,3,1
1878,25,Operations,F,75000,12,,Y,2,
1879,29,it,Male,80000,0,,N,3,4
1880,24,HR,,60000,3,Y,Y,4,2
1881,42,,,40000,5,No,Y,2,2
1882,29,Finance,Male,90000,12,No,No,1,1
1883,21,,,40000,14,N,No,1,
1884,32,Finance,Male,95000,9,Yes,N,,3
1885,59,Operations,F,60000,9,No,,,3
1886,21,it,M,100000,13,,No,4,2
1887,39,it,Male,,3,Yes,,1,4
1888,20,it,Female,100000,14,Yes,Yes,1,2
1889,56,IT,Male,25000,13,Y,No,1,1
1890,28,Sales,,110000,8,No,No,1,4
1891,36,IT,F,115000,4,Y,N,3,3
1892,28,sales,F,85000,7,No,,2,
1893,30,sales,Male,85000,8,N,No,2,
1894,34,,M,30000,9,Y,No,4,1
1895,43,Sales,Female,55000,4,Y,N,3,2
1896,57,Operations,F,105000,5,,N,1,1
1897,54,Sales,,95000,0,Y,,1,
1898,49,Finance,,65000,10,No,Yes,,3
1899,50,sales,M,55000,,,Yes,,
1900,24,HR,F,60000,11,Y,Y,4,4
1901,33,HR,Male,100000,14,Y,No,1,
1902,30,Operations,,110000,6,N,,4,
1903,28,Finance,M,75000,3,Y,No,3,4
1904,53,,F,50000,10,Yes,,2,2
1905,31,IT,F,45000,1,,,1,
1906,54,Finance,F,95000,4,Yes,,3,1
1907,54,HR,F,115000,11,,No,1,
1908,20,HR,F,NA,2,N,N,,1
1909,59,,,85000,5,Y,No,4,4
1910,41,sales,M,110000,7,Y,,,
1911,48,Finance,F,85000,6,Y,Y,2,4
1912,27,Finance,Female,15000,,,Yes,,4
1913,30,HR,Female,80000,2,Y,,1,2
1914,,IT,M,35000,7,Yes,Y,,
1915,56,Operations,Male,65000,1,Y,N,1,1
1916,33,it,Male,90000,9,N,,2,1
1917,49,Operations,Male,20000,8,Yes,Y,,
1918,54,Finance,Female,50000,3,Y,,4,2
1919,40,Operations,Male,65000,0,Y,No,4,2
1920,56,HR,,100000,7,No,Y,4,2
1921,24,HR,F,25000,6,,No,,1
1922,38,,Female,15000,10,Yes,No,,4
1923,33,Finance,M,65000,12,No,Y,,2
1924,45,,M,90000,,N,Yes,1,1
1925,23,Finance,F,100000,4,,Y,2,1
1926,44,it,Female,90000,9,Yes,Yes,4,4
1927,44,it,Male,NA,12,Y,,1,
1928,37,sales,Male,60000,4,Yes,,4,
1929,59,Finance,,100000,6,Y,Y,1,2
1930,27,IT,,40000,4,,,,2
1931,58,Operations,Male,105000,7,Y,N,4,4
1932,59,Finance,M,30000,10,N,No,,2
1933,33,Sales,M,75000,12,Y,No,4,4
1934,51,sales,,80000,5,N,Yes,3,1
1935,57,Sales,F,25000,12,,,1,2
1936,52,HR,Male,60000,4,,Yes,3,1
1937,42,it,,40000,8,Yes,No,1,3
1938,34,Operations,,15000,10,N,No,2,4
1939,52,Finance,Male,NA,,N,,4,3
1940,44,Sales,Male,80000,1,No,N,2,2
1941,36,Operations,M,50000,0,No,N,2,1
1942,52,HR,F,105000,7,No,,1,2
1943,21,it,F,80000,11,Y,,3,3
1944,33,IT,Male,60000,2,No,Yes,,2
1945,59,sales,Female,95000,13,N,,1,
1946,59,Operations,,55000,10,Y,N,,3
1947,58,Operations,,40000,11,,,2,2
1948,25,IT,Male,65000,11,Yes,Yes,,1
1949,25,Operations,Female,45000,11,No,Yes,3,2
1950,22,HR,M,95000,6,,Yes,1,1
1951,26,HR,Male,15000,9,N,Yes,3,
1952,27,IT,Male,,12,Yes,Y,3,2
1953,34,sales,,35000,10,,,1,
1954,48,Finance,Male,55000,7,Yes,No,3,3
1955,52,Sales,Male,100000,14,No,,4,1
1956,49,Finance,Male,115000,,N,Y,4,3
1957,58,Operations,,20000,12,Yes,Yes,4,1
1958,46,Sales,M,65000,12,,Y,,
1959,55,,M,40000,5,No,N,3,4
1960,48,IT,Male,50000,11,No,N,1,2
1961,57,IT,,30000,9,,,1,
1962,52,sales,M,100000,13,,,,1
1963,56,Sales,M,65000,8,Yes,No,1,1
1964,46,HR,M,35000,6,Y,No,4,1
1965,52,Sales,,85000,14,No,N,3,1
1966,23,Operations,,100000,9,Yes,Yes,1,2
1967,41,HR,Male,20000,4,,Y,1,3
1968,21,it,F,,7,Yes,No,2,4
1969,29,it,M,65000,14,,No,2,2
1970,24,,F,75000,1,N,Yes,2,1
1971,29,it,,30000,6,,Yes,3,2
1972,52,IT,,,14,,,4,
1973,57,Sales,,45000,3,,Y,4,1
1974,32,it,F,65000,8,Y,Yes,4,4
1975,50,Finance,,,11,,No,3,1
1976,55,sales,Male,30000,0,No,No,3,4
1977,43,Finance,,85000,6,No,N,2,4
1978,34,it,Female,15000,5,Yes,Yes,1,3
1979,48,,F,NA,7,Y,,,3
1980,27,sales,Female,25000,4,Yes,Y,,2
1981,24,Operations,,80000,14,No,,1,2
1982,48,Finance,Male,40000,0,No,No,2,4
1983,23,,M,100000,0,N,,1,1
1984,31,Sales,,15000,8,,No,1,
1985,21,Sales,Male,40000,14,No,No,,
1986,46,Finance,F,40000,9,Yes,No,2,1
1987,50,it,Female,115000,5,Yes,No,3,1
1988,55,,Female,90000,9,,No,,3
1989,55,Sales,Female,35000,4,,N,3,
1990,45,Operations,F,95000,14,N,,2,4
1991,46,HR,Male,60000,0,Y,N,1,2
1992,24,it,F,115000,5,Yes,N,4,3
1993,39,,Female,100000,5,,Yes,4,
1994,30,Operations,,45000,2,Yes,Yes,2,1
1995,29,,M,25000,12,,Yes,4,
1996,59,sales,F,75000,,No,Y,3,4
1997,57,Operations,F,85000,7,Yes,Yes,4,3
1998,25,it,Male,110000,13,No,,2,1
1999,27,sales,Male,105000,14,Yes,N,2,4
2000,42,it,F,25000,0,Y,,3,2
2001,45,Sales,Female,30000,0,N,Yes,4,3
2002,31,HR,M,35000,5,No,Y,4,4
2003,45,it,Male,15000,9,,Y,1,4
2004,32,it,Female,30000,12,Y,N,,1
2005,59,Sales,,70000,0,Yes,,2,2
2006,37,IT,Male,60000,5,No,No,1,4
2007,44,Sales,Female,NA,0,Yes,,2,3
2008,52,sales,Female,115000,,Yes,Yes,1,4
2009,59,Sales,M,110000,13,Yes,No,,
2010,31,Sales,M,75000,12,N,Y,1,3
2011,55,HR,,NA,5,N,N,2,3
2012,23,Sales,Female,80000,2,,N,4,4
2013,24,,Female,NA,13,No,Y,2,1
2014,56,it,M,35000,13,Y,Yes,3,3
2015,27,,Male,30000,14,Y,Y,3,
2016,47,HR,Male,80000,7,Y,Yes,3,1
2017,50,Finance,F,60000,12,Yes,No,3,1
2018,28,IT,M,95000,14,N,Y,,1
2019,48,,F,60000,5,No,Yes,4,3
2020,33,HR,M,45000,12,Yes,No,4,1
2021,59,sales,,90000,10,N,Y,2,4
2022,,Finance,Female,15000,12,N,N,1,1
2023,41,HR,,95000,0,No,Y,2,
2024,30,HR,M,115000,14,No,,2,2
2025,42,IT,Female,55000,4,No,Y,2,
2026,20,it,Male,40000,7,Yes,,2,3
2027,56,,Male,105000,2,,No,4,1
2028,40,sales,F,75000,11,No,Y,1,1
2029,45,Operations,M,25000,5,,No,2,4
2030,55,,M,45000,4,Yes,No,4,1
2031,42,Operations,Male,,5,,Yes,2,
2032,20,HR,,55000,9,Y,No,3,3
2033,59,Sales,Female,,0,,No,2,2
2034,34,sales,,35000,6,No,Y,2,1
2035,40,Finance,,60000,8,Yes,Y,,2
2036,28,Sales,Male,NA,1,No,N,3,1
2037,28,Sales,Male,95000,9,Y,Yes,1,3
2038,29,,Male,70000,14,No,No,2,
2039,45,sales,F,NA,4,No,Yes,1,3
2040,,it,,90000,9,No,,3,2
2041,54,HR,M,25000,3,N,No,2,1
2042,44,HR,Female,,5,Y,Yes,,2
2043,45,HR,F,55000,5,No,N,4,
2044,30,HR,M,85000,10,No,N,,3
2045,57,,,35000,,No,No,,2
2046,21,Operations,Male,NA,1,Yes,,4,2
2047,26,HR,,75000,1,N,N,4,
2048,37,Operations,Female,80000,3,Yes,N,4,1
2049,46,Operations,F,110000,0,N,,2,2
2050,53,it,F,85000,8,No,Yes,1,
2051,46,HR,Female,90000,13,Y,N,1,1
2052,36,IT,M,NA,13,,Y,4,1
2053,43,Finance,M,75000,12,,N,,3
2054,44,Sales,F,95000,6,No,Yes,3,
2055,26,Operations,F,NA,,Yes,Yes,4,1
2056,25,sales,Male,50000,11,Y,No,,3
2057,43,sales,M,115000,6,N,Y,,4
2058,52,Finance,Female,20000,14,No,Yes,2,
2059,48,sales,M,35000,2,Y,,2,4
2060,41,IT,Male,40000,14,Y,Y,1,1
2061,45,sales,F,70000,10,N,Y,1,
2062,47,Sales,F,100000,14,Y,,3,3
2063,40,Sales,Male,,11,Yes,N,3,1
2064,26,Operations,Female,,2,Yes,,3,
2065,36,HR,F,15000,0,Yes,,3,
2066,39,it,,95000,2,Y,N,,4
2067,,IT,F,65000,2,Yes,N,,1
2068,39,Operations,,60000,3,N,N,1,3
2069,41,IT,Male,105000,3,Y,N,2,3
2070,47,HR,Male,80000,2,,N,2,1
2071,59,,F,60000,,Y,,4,1
2072,26,sales,M,85000,9,N,No,,2
2073,20,sales,,105000,,,No,3,4
2074,51,it,Female,30000,11,Y,Yes,3,1
2075,32,HR,F,20000,7,Yes,No,4,1
2076,49,Operations,Female,55000,7,No,No,2,2
2077,42,it,F,60000,12,No,,3,2
2078,38,HR,M,65000,12,Yes,N,2,
2079,51,Finance,M,80000,0,No,N,4,3
2080,49,Sales,M,45000,6,No,,2,4
2081,48,it,M,NA,10,Yes,No,2,
2082,48,it,Male,85000,1,Yes,,2,1
2083,49,Operations,Male,,0,Y,Yes,3,2
2084,35,IT,,105000,2,Y,N,1,3
2085,59,Finance,Female,,,Yes,Y,,
2086,38,Operations,F,85000,3,N,Yes,2,3
2087,37,HR,F,50000,12,No,Yes,2,2
2088,20,HR,Male,65000,5,Y,,2,
2089,33,HR,F,55000,9,No,No,1,
2090,21,,Male,85000,,,N,4,3
2091,47,HR,,15000,13,Yes,Y,3,2
2092,49,IT,Female,15000,4,N,Yes,1,1
2093,57,Finance,,105000,,,Y,2,
2094,23,sales,M,25000,14,,No,1,1
2095,20,Sales,M,60000,14,,No,1,2
2096,27,IT,M,50000,13,Yes,Y,1,
2097,48,IT,,85000,3,Y,N,4,
2098,58,,F,60000,7,Yes,No,,1
2099,22,sales,Female,15000,10,Y,Y,3,4
2100,51,sales,M,100000,,,Yes,4,1
2101,29,Sales,M,20000,11,,Y,4,1
2102,29,Sales,M,105000,,N,Y,,4
2103,38,sales,Female,75000,13,Y,,4,2
2104,53,HR,M,,3,,No,1,2
2105,52,IT,Female,15000,12,No,N,1,
2106,42,Operations,M,20000,9,N,N,2,3
2107,47,Sales,,90000,11,Yes,,4,3
2108,51,,,85000,,N,N,2,
2109,26,,Female,75000,12,No,Y,3,3
2110,48,Sales,,90000,1,Y,,1,1
2111,27,sales,Female,95000,14,Yes,Yes,3,1
2112,20,Finance,,115000,2,Yes,No,,4
2113,22,Operations,,45000,5,Y,No,1,4
2114,43,Operations,Female,95000,7,N,No,3,
2115,42,Sales,F,45000,7,,Y,,
2116,27,HR,,75000,14,N,Yes,3,
2117,56,Finance,M,35000,10,No,,,1
2118,22,Operations,F,95000,14,,,,3
2119,52,Sales,Female,25000,8,N,No,1,
2120,47,,F,45000,6,Y,Yes,2,
2121,27,Operations,Male,95000,12,No,Yes,,1
2122,53,it,Male,45000,1,No,Yes,,1
2123,54,Finance,,115000,7,No,N,1,1
2124,51,Finance,,15000,6,,N,2,3
2125,43,it,M,95000,7,Yes,No,4,
2126,33,IT,F,95000,11,,Yes,4,2
2127,51,,Male,65000,2,N,Yes,2,2
2128,35,it,,25000,6,Yes,,3,
2129,23,sales,F,85000,9,N,,1,
2130,56,sales,,115000,12,Yes,No,2,
2131,40,Sales,,65000,8,,Yes,4,
2132,33,Finance,Male,90000,,No,No,,3
2133,50,IT,Male,,2,Y,,4,2
2134,37,IT,,55000,13,No,,,4
2135,26,Operations,Female,15000,9,,N,1,2
2136,29,Operations,,,5,Yes,No,,2
2137,26,it,,90000,1,No,No,2,1
2138,52,IT,M,55000,1,,Yes,,
2139,42,it,M,105000,4,N,Yes,3,
2140,40,,M,70000,4,Y,N,2,
2141,38,it,Female,105000,12,No,Y,1,1
2142,38,Operations,Female,,6,Yes,Y,2,3
2143,55,Finance,,55000,11,N,Y,3,3
2144,48,it,M,45000,1,,No,1,4
2145,37,HR,Female,80000,10,Y,No,4,3
2146,21,Finance,Male,105000,13,Yes,,3,3
2147,20,IT,,105000,12,,No,1,
2148,24,IT,F,20000,6,,No,,2
2149,39,it,,55000,4,No,No,2,3
2150,30,Finance,F,75000,13,No,N,1,3
2151,21,Operations,M,85000,5,Yes,No,2,1
2152,22,Operations,F,25000,7,,Yes,,4
2153,42,sales,M,65000,9,No,Yes,1,1
2154,31,IT,Male,115000,12,Y,,4,
2155,39,Sales,F,80000,13,Y,N,3,2
2156,24,sales,,50000,11,,Yes,1,4
2157,56,Operations,M,100000,3,No,N,,1
2158,57,Finance,,105000,12,Yes,N,1,3
2159,49,,Female,90000,6,Yes,,2,3
2160,28,Operations,M,20000,5,Yes,N,1,4
2161,53,Finance,F,50000,,Y,No,4,3
2162,54,sales,M,,9,No,N,1,1
2163,41,IT,,40000,1,No,,3,1
2164,43,Operations,Male,70000,14,Y,,1,3
2165,36,it,M,85000,7,Yes,,2,3
2166,29,Finance,F,50000,9,Yes,Yes,1,
2167,49,IT,Female,30000,,,No,4,2
2168,42,,Male,85000,8,N,Yes,,4
2169,51,,Female,110000,4,No,Y,1,1
2170,36,Sales,M,95000,9,No,No,1,4
2171,36,Finance,,75000,3,No,N,3,
2172,33,sales,,100000,5,N,,4,1
2173,28,Sales,F,20000,,,Y,,
2174,59,Sales,,75000,7,N,No,2,
2175,21,HR,Male,75000,10,Yes,Yes,1,3
2176,44,Operations,,,14,Yes,,,4
2177,58,Finance,F,85000,2,No,Yes,2,4
2178,28,Sales,M,110000,9,Y,No,4,3
2179,41,HR,M,60000,10,No,No,4,4
2180,23,sales,,25000,10,Y,Y,,3
2181,45,IT,Female,105000,0,N,N,2,1
2182,48,it,M,25000,,Yes,Yes,4,
2183,53,it,,,3,Y,Y,,
2184,42,Finance,F,80000,14,N,,4,4
2185,56,Sales,,50000,3,Yes,N,4,2
2186,30,it,M,NA,0,Y,Y,4,
2187,25,Operations,F,30000,8,No,Yes,3,3
2188,37,it,,110000,2,No,No,2,2
2189,40,it,Male,65000,4,No,,,2
2190,55,it,F,65000,,N,Yes,,
2191,,,Male,65000,5,No,N,2,
2192,57,HR,Female,20000,7,,N,2,
2193,53,Sales,F,95000,5,Yes,No,2,3
2194,36,Operations,Male,55000,2,N,No,2,2
2195,56,Sales,M,20000,5,No,,1,4
2196,44,,M,85000,0,Yes,,,3
2197,57,Finance,Female,90000,3,Y,No,1,1
2198,31,Finance,F,30000,5,No,No,4,
2199,42,Finance,F,50000,,Yes,N,4,2
2200,41,sales,F,55000,6,,No,,3
